12345X789,0.07358973228499671
123O5X78X,0.22509872214326862
123OXXO8X,0.7457456216204505
1OXOXXO8X,-1.0
1234567X9,0.2450753551245772
12OX567X9,-0.3417563605776637
1OOX56XX9,-0.0625
1OOXO6XXX,-1.0
1X3456789,0.25793997529288726
1X3O567X9,-0.4410818452263121
OXXO567X9,0.998779296875
OXXO5O7XX,0.998046875
OXXO5OOXX,0.9999847412109375
X23456789,-0.0855329898029834
X234X6O89,-0.401401887994243
XX3OX6O89,-0.9998776912689209
XX3OXOOX9,-0.9999999962747097
1234X6789,-0.4489007411432537
X234XO789,-0.6616598061308355
X23OXO78X,-1.0
12X456789,0.442010946379761
1XXO56789,-0.06152489079235979
1XXOO67X9,0.9980467548538456
XXXOO67XO,-1.0
1X3O56X89,-0.5854230488138134
1XOO5XX89,0.46939086909173927
XXOOOXX89,0.5
XXOOOXXOX,0.5
123X56789,0.23230716700263312
1O3XX6789,-0.5887075592191735
XO3XX6O89,-0.778338218578675
XO3XXXO8O,-1.0
123456X89,0.414194643021068
X2O456X89,-0.6984825003477653
XOO4X6X89,-0.44944146165653
XOOXXOX89,-1.0
12345678X,-0.021900964347275564
12345O7XX,-0.21794502512532132
OX345O7XX,-0.724151611328125
OX34XOOXX,-1.0
XX34O6789,0.49100393742846254
XX34OXO89,0.99951171875
XX3OOXO8X,0.400390625
XXXOOXOOX,-0.9990234375
XXO456789,0.10101993127978717
XXO45OX89,0.7496337890625
XXOX5OXO9,-0.9999999999990905
XO34567X9,-0.05128483570282988
XOX4O67X9,-0.044708680933221556
XOXXO67XO,0.4875488280792972
XOXXOXOXO,0.5
O2X4567X9,-0.15164486134992433
O2XX56OX9,0.05381356229160339
OOXX56OXX,0.304946169257164
OOXXXOOXX,0.5
12OX5X789,-0.06485802356705389
O2OXXX789,-1.0
X2OXO6X89,-1.0
123X567XO,0.07894971470342932
1O3XX67XO,0.14677984299591784
1OOXX6XXO,1.0
1OOXXOXXO,1.0
X234X67O9,-0.4419860646892965
XX3OX67O9,-0.8453080298349966
XXOOXX7O9,0.4941377611830829
XXOOXXXOO,0.5
1234X6O8X,-0.28518593441596907
O2X4X6O8X,0.879409612547533
OOX4X6OXX,0.9782104473158562
OOXOX6OXX,1.0
1234X6OX9,-0.44516543708062406
12O4X6OXX,-0.7945253849029541
1XOOX6OXX,-0.9999999997671694
1X34O67X9,0.9006389254827007
1XO4O67XX,0.9530028291028003
OXO4O6XXX,-1.0
1X34567OX,0.027895602643053685
1XX456OOX,-0.784652769557514
1XXO5XOOX,-0.9999995231628418
12OX5678X,-0.39564275583879105
O2OX56X8X,0.947316530273195
OXOX5OX8X,-0.8359413146972656
OXOXXOXOX,0.5
OX345X789,0.31472956587806716
OXX4OX789,0.7343036233793896
OXX4OXXO9,0.24999229609963436
OXX4OXXOO,1.0
1O34X678X,0.09456068950905927
XO34XO78X,-1.0
1234X67OX,-0.3620005238643105
1O3XX67OX,-0.9941596947610378
1OXXX6OOX,-0.9999999925494194
XOXXXOOOX,-1.0
123X5O7X9,-0.05965231253187887
1XOX5O7X9,0.625
1XOX5O7XO,0.9999999997671694
1O3456XX9,-0.6719467522442442
1O3X56XXO,-0.04296708106994629
OOXX56XXO,-0.013671875
OOXXXOXXO,-1.0
12XX56O89,0.358661926274113
X2XX56O8O,0.8441129095315155
X2XXOXO8O,0.5292930602881816
1234X67XO,-0.46261404700959197
1234XOXXO,0.12882660888135433
XO34XOXXO,-0.4218750074505806
XOO4XOXXO,1.0
1234O67XX,0.6844917711625584
123OOX7XX,-0.9999999394640326
O2XOOX7XX,-1.0
1X345X7O9,0.2841379658336133
1X3O5X7OX,0.16057058299543991
OX3O5XXOX,0.10155487060546875
OXXOOXXOX,-1.0
12O45X78X,0.08277260090401889
O2O4XX78X,0.6337272207018247
OXOOXX78X,0.6249999998835845
OXOOXXO8X,1.0
12X456X8O,-0.9757111448703593
XOX456X8O,-0.9864569068216804
XOX45OXXO,-0.9999999997671694
XOXXOOXXO,-1.0
1X345X78O,-0.6871512842610816
1X345XOXO,0.27641516580596903
XX34OXOXO,-0.501008152961731
XXO4OXOXO,1.0
X2O4567X9,0.43827795012345117
XXO45O7X9,0.9999351500882767
XXOXOO7X9,0.998046875
XXOXOOOX9,0.9999999999999432
O2345X78X,-0.6209567510681113
OOX45X78X,-1.0
O2X4X6789,0.5484611025139012
OXX4X67O9,0.4411990828058851
OXXOXX7O9,0.8124995008111
OXXOXXXOO,-1.0
XX3O56789,0.41774884251628597
XXXO5O789,-0.9999999999999999
X2345XO89,-0.10905921506243194
X2345XOOX,-0.4958496094914153
X23OXXOOX,-1.0
1X34X6O89,-0.7188420827247893
OX34X6O8X,-0.30388583640374367
OX3XX6OOX,0.424918532011361
OXXXXOOOX,0.5
1X345O7X9,0.16908590622561076
1X345OXXO,0.9941290840506554
1XX4OOXXO,0.9999999995343387
1XXOOOXXO,0.9999999999708962
12345OXX9,-0.32297690433467907
123XOOXX9,-0.9967956524342299
O2XXOOXX9,-0.0022125318719199427
OOXXOOXXX,-1.0
OX345678X,0.03618678669778119
OXO45X78X,0.6454052208263183
OXOX5XO8X,-0.005859375
OXOXXXOOX,-1.0
X234O67X9,0.19327295374128683
X2X4O6OX9,0.09677287413855401
XXX4OOOX9,-1.0
12OX5X7XO,-0.00800999187167406
12OXXXOXO,-0.9999997615814209
1OX45678X,-0.50017479640331
XOX456O8X,-0.5121638365460274
XOXOX6O8X,-1.0
1O345XX89,-0.5387405194247832
1O345XXOX,0.9931640625
OO3X5XXOX,0.999755859375
OOOX5XXOX,0.9999999962747097
X23456X8O,0.3123158174973123
X23XO6X8O,-1.0
1X3XO6789,-0.07036960291831132
XX3XO678O,0.4862047305687014
XXXXO67OO,-1.0
X234O678X,0.19187180670565743
X2O4O67XX,0.13932033814489841
X2O4OOXXX,-1.0
X234OX789,-0.21363648296628568
X234OXXO9,0.8902853263649636
X23OOXXOX,0.608878850907665
O2345X7X9,0.2402930393294137
OO3X5X7X9,0.75
OOXX5X7XO,0.875
OOXXOX7XO,1.0
12XO5678X,-0.7917803888668168
12XOX6O8X,0.22757239639759064
X2XOXOO8X,-1.0
12OXX6789,-0.8583783022589526
X2OXX6O89,-0.8298978451712029
XOOXX6OX9,-0.999999999998181
XOOXXXOXO,-1.0
123OX678X,-0.6933494848376018
XO3OX678X,-1.0
12X4X6O89,0.4924086549344203
12X4XXOO9,-0.3833618462085724
X2XOXXOO9,-0.3644409477710724
X2XOXXOOO,1.0
XX345678O,0.1960819955713603
XXX4567OO,-1.0
1234O6X8X,0.166679850363
X2O4O6X8X,-0.8324762237599839
XXOOO6X8X,0.8669433519240783
XXOOOOX8X,1.0
12X456XO9,-0.6045086056651594
O2X456XOX,-0.8722085064283789
OXX4O6XOX,-0.013793945315228595
OXXXOOXOX,0.5
OX3X56789,0.3837468539314107
OXXX56O89,0.5159866147351704
OXXX56OXO,-0.5008544921875
OXXXXOOXO,-1.0
1XOX56789,0.05600241408995235
1XOX5X7O9,-0.13409608624479685
XXOX5X7OO,-0.59375
XXOXOXXOO,-1.0
12XX5O789,-0.26802203105931605
1OXXXO789,-0.0611623316747377
XOXXXOO89,0.47655069513712073
XOXXXOOXO,0.5
X23XO6789,0.03689149380816875
X23XO67OX,0.013851135967570066
XO3XO67OX,1.0
O234X67X9,0.5269257686409221
O234X6XXO,-0.1249965726210569
OO34XXXXO,0.98828125
OOXOXXXXO,-1.0
1234XXO89,-0.31122200110146925
XO34XXO89,-0.87689208984375
XOOXXXO89,-1.0
X234567OX,-0.6161280852250065
X2X456OOX,-0.948742151260376
XXX4O6OOX,-1.0
12O4567XX,0.7870119781538978
X2OO567XX,-0.360107421875
X2OOOX7XX,-0.2739258408546448
XOOOOXXXX,-1.0
XXO45XO89,0.8347091580799315
XXOO5XO8X,0.5
XXOOOXO8X,1.0
O2345XX89,-0.4234668281915041
O2X45XXO9,-0.9531230926513672
O2X4XXXOO,-0.9999999999999991
123OXX789,-0.08080638930839301
X2OOXX789,0.11309407552659381
X2OOXXO8X,-1.0
123X5O78X,0.33374133825507646
123XXOO8X,0.2042969470277537
O23XXOOXX,0.40598387945280123
OXOXXOOXX,-1.0
XXX4O6O89,-1.0
1XX456O89,-0.204263328723217
1XXO5XO89,-0.6289119720458984
OXXO5XO89,0.9999999999990905
12345X7XO,-0.19941902605702094
OX345X7XO,0.7109308242797852
OX3X5XOXO,0.84375
OX3XOXOXO,1.0
XO345X789,0.09033182669693232
XO34OXX89,0.9998160592790952
XOO4OXXX9,-1.0
XOOXOXXXO,-1.0
12X4X678O,-0.8608362521239454
1OX4X6X8O,-1.0
123X56XO9,-0.1767193466440352
12XXO6XO9,0.4194575454978285
OXXXO6XO9,0.772704780101662
12O4X678X,-0.5806632381884904
12O4XXO8X,-0.7827234266005976
1OOXXXO8X,-1.0
X2X4O6789,0.6449356672568849
XOX4OX789,0.9601439905876716
XOX4OX7O9,1.0
1XO4X6789,-0.5972139475557832
1XO4XO7X9,-1.0
1O34X67X9,0.168698312145901
1OX4X6OX9,0.7675665504644823
1OX4XXOXO,-0.6982421875218279
XOXOXXOXO,0.5
12345X7OX,-0.697382553424089
123XOX7OX,-1.6421258010268502e-05
1XOXOX7OX,0.5624999552965164
OXOXOXXOX,0.5
12X4X67O9,-0.32978228899333417
1OX4X67OX,-0.9993896409869194
1OXOX6XOX,-1.0
X2X4567O9,-0.5561224268378463
X2XOX67O9,-0.748992919921875
XXXOX67OO,-1.0
O2X456X89,0.05512223709810099
O2XOX6X89,-1.0
1234OXX89,0.6778385628882385
12O4OXX8X,0.49836201074279884
12OXOXXOX,0.9999976148756105
1OOXOXXOX,1.0
123X5OX89,-0.6346634881793702
XO3X5OX89,-1.0
X23X56O89,0.015519884814159446
XOXX56O89,0.5589536944456697
XOXXO6O8X,0.9765624998249223
XOXXOOOXX,0.5
123X56OX9,0.5804507990555974
1O3XX6OX9,-0.012133839359272647
1OOXX6OXX,-0.750244140625
OOOXX6OXX,1.0
X23456XO9,-0.9410932550319256
X2X45OXO9,-0.3273620605468768
X2XOXOXO9,-0.999999999998181
123456OXX,0.2130749529856802
O234X6OXX,0.7399217124897459
OXO4X6OXX,-1.0
12X45XO89,0.36708661311789564
O2XX5XO89,-0.96875
OOXXXXO89,-1.0
123X5XO89,0.6948087783455728
1XOX5XO89,0.7499999998835847
1XOX5XOXO,-0.0625
1XOXOXOXO,1.0
1X3O5O7XX,-0.3125
XXOO5O7XX,0.5
XXOOOO7XX,0.9999999998835847
XX34567O9,-0.9565753267070514
XX3456OOX,-0.9975414276123047
XXX45OOOX,-0.9999999999999716
12O45X7X9,0.7343489644054834
O2O4XX7X9,0.8116698111325584
O2OXXXOX9,-0.9999999981373549
1X3456XO9,0.2247506009727405
OX3456XOX,0.4710308285963154
OXO4X6XOX,0.5
OXOOXXXOX,0.5
1O3X5X789,0.1771138103769045
1O3XOXX89,0.7495726788870343
OO3XOXXX9,0.99993896484375
OOOXOXXX9,0.9999999999999964
X23OX6OX9,-0.9033603259446183
X2OOX6OXX,-0.9999999999990905
123O5XX89,0.02206525836688472
123OOXX8X,-0.8890146020732139
O2XOOXX8X,-1.0
1234XX7O9,0.1572710696536712
12XOXX7O9,0.4108741842210293
12XOXXXOO,-1.0
1X34O678X,0.25770378041974296
1XX4O6O8X,-0.3671875136828088
1XX4OXOOX,-0.9999999925494194
1234XXOOX,-0.2469482421875
OX34XXOOX,-0.5234453343439327
OX3OXXOOX,1.0
1O34X6X89,-0.8672608394681356
1O34XOX8X,-0.4990386962890625
1OOXXOX8X,-0.92303466796875
XOOXXOXOX,-0.9999999998835847
OOX456XX9,0.12646484375
OOX45OXXX,-0.9999999999708962
1X34X67O9,-0.028149182988169208
1XX4XO7O9,-0.9865634442313471
1XXOXOXO9,-1.0
1O3X5678X,-0.01131229225858535
1O3XXO78X,-0.8158675244285476
XO3XXOO8X,-1.0
1OX45X789,-0.19865387186218514
12X45OX89,-0.04609581914555261
1XXO5OX89,0.40625
1XXOOOX89,1.0
123O56XX9,-0.45433890918484293
1O3OX6XX9,-0.6099548339552712
1OXOXOXX9,-0.9999999999999929
XO345678X,-0.21425995302660727
XO34O67XX,-0.49108989560096317
XOXOO67XX,-0.56271409988409
XOXOOO7XX,1.0
12X4O678X,0.05636218867712722
1XX4OO78X,0.5986055862539293
XXX4OO7OX,-1.0
123XX678O,-0.5751300679412965
1O3XXX78O,-1.0
1234XX78O,-0.22180330144656057
1234XXXOO,-0.9999990463256836
12OXXXXOO,-1.0
12XO567X9,0.01520958640007708
1OXOX67X9,-0.09009998040923711
OOXOXX7X9,-0.2509765625
OOXOXXOX9,1.0
1XX45O789,-0.06934383200170163
1XX45OO8X,0.5024085652528194
XXX4OOO8X,-1.0
O23X5678X,0.20765619663639515
OX3X567OX,0.4996242993065052
OXXXO67OX,0.4999924869280201
OXXXOXOOX,-1.0
1X3456OX9,0.8276703892053174
1XO4X6OX9,-1.0
123XX6O89,-0.15252913046942046
O23XX6OX9,-0.02179098952855174
O2XXX6OXO,-1.0
OOXXXXOXO,-1.0
1O34567XX,-0.09577743049905066
OO3X567XX,0.9785129725760271
OOXX5O7XX,-0.0391693115234375
123X567OX,-0.023986265253094385
X23X5O7OX,-0.9993896484375
X2OXXO7OX,-1.0
123XX67O9,-0.8519815765798497
1X3XX6OO9,0.736738087538267
XXOXX6OO9,0.6796722412109375
XXOXX6OOO,1.0
12XX567O9,-0.4077459984105848
12XX56OOX,-0.07650575705339335
X2XX5OOOX,-0.9999999995343387
XXXXOOOOX,-1.0
12XX5XO8O,-1.5348254446934106e-05
1OXX5XOXO,0.14842452411534224
123X5X7O9,0.2610846271667217
O2XX5X7O9,-0.9921875
O2XXXX7OO,-1.0
123XXO789,-0.4776722264570939
O23XXO7X9,-0.001480818675256873
OO3XXOXX9,0.15234369039535522
OOOXXOXX9,1.0
1X3X567O9,0.5678020768337265
XX3X5O7O9,-0.720733642578125
XX3X5OOOX,-0.99993896484375
XXOXXOOOX,-1.0
1XX4567O9,-0.7414114063440325
XXX4O67O9,-1.0
X2OXXO789,-0.3906879425058227
X2OXXOOX9,0.734344482421875
X2OXXOOXO,1.0
1X345O78X,-0.022326486600011408
1X34XO7OX,-0.10438477223148163
OX34XOXOX,0.08249592706851061
X23O5X789,0.3858292936754283
X23O5XX8O,0.4995747965290376
XX3O5XXOO,0.2889404296875
XXXOOXXOO,-1.0
1O3X56X89,0.2519270657243363
1O3X5XXO9,-0.58203125
1O3XXXXOO,-0.9999999995343387
1X3X5XOO9,0.875
1XXXOXOO9,-0.2500038146972656
1XXXOXOOO,0.9999999999999858
XO3456X89,-0.7340542118183591
XO3O56X8X,-0.20703123509885302
XO3OX6XOX,-1.0
12XXX6O8O,0.9843749215721833
1OXXX6OXO,0.21874999960547792
1X34O6X89,0.19539699773930042
1X3XO6XO9,0.3140018938356628
XX3XO6XOO,-0.9999999999999998
12X45O7X9,-0.20454360539735125
12XO5OXX9,-0.0390625
X2XO5OXXO,0.890625
XOXOXOXXO,-1.0
1X34X678O,-0.1699395716389881
OX34XX78O,-0.9961512070149183
OXOXXX78O,-0.9999961853027344
XX345O789,-0.9189968213547299
XX34OOX89,-0.519532204606179
XXX4OOX8O,-1.0
X23XX67OO,0.7495851516723633
X2OXX6XOO,-1.0
OO3X5XX89,0.686767578125
OO3XXXX8O,-0.9999999701976776
123OX6X89,0.1590936999014495
123OX6XOX,-0.6449871026322986
X23OXOXOX,-1.0
OXX456789,-0.3217578342430269
OXX45OX89,-0.5942459106445312
OXX4XOXO9,-1.0
1O3XXX7O9,-1.0
O234X6X89,0.019815874728194127
O23XXOX89,0.8714311404952425
O2XXXOX8O,-1.0
X23XXOO89,0.8042337278755298
XO3XXOOX9,-0.2500000029467896
XOOXXOOXX,-1.0
XO345O7XX,-0.04296279067240971
XO3OXO7XX,-0.9999999999999432
123456XOX,-0.6193682469351676
1234XOXOX,-0.9978800330210563
X2O4XOXOX,-1.0
XX3456XOO,-0.9850251679308712
XXO4X6XOO,0.8744964578654473
XXO4XOXOO,1.0
12XX5678O,-0.17459516984287532
1XXX567OO,0.3436737060546875
1XXX56OOO,0.9999999850988388
12345XX8O,0.3591420931587862
1X345XXOO,-0.3446977166467068
OXX45XXOO,-0.72265625
123XO678X,0.6813136221064788
12OXO6X8X,-0.8816321513690202
X2OXOOX8X,-1.0
1234OX7X9,0.5480893046406367
X2O4OX7X9,0.8699662606322343
X2O4OXOX9,1.0
X2X456O89,0.09360582551125765
X2XX56OO9,-0.5161132807843387
X2XX56OOO,0.9999999999999716
123O56X8X,-0.38780687554330295
1XOO56X8X,0.10225502417274085
1XOOXOX8X,-0.9999847412109375
OXOOXOXXX,-0.9999999999417923
12345XOX9,0.0033426601980430376
X234OXOX9,0.8743279866746018
X234567XO,0.46509179740363793
X2O45X7XO,0.6132532918543592
X2OXOX7XO,0.37499952030702843
X2OXOXOXO,1.0
O2O45XX8X,0.11779192083849915
OXOO5XX8X,0.2890472412109375
OXOOOXXXX,-1.0
X23OX6XO9,-0.979244714604192
XX3OX6XOO,0.016407009214162827
XXXOXOXOO,-0.9999999995343387
12X456OX9,-0.056933260334576685
XOX456OX9,0.44876037427045257
XOX4O6OXX,-0.44336435123126744
XOXOOXOXX,-1.0
1X3O5XXO9,-0.23446649312973022
1XXOOXXO9,-1.0
12X4OX789,0.22938319856575676
1XX4OX78O,0.8658981284232823
OXX4OX78O,1.0
X2345X7O9,-0.0734434467389331
X2XO5X7O9,-0.45751869677042123
X2XO5XXOO,-0.9999999999999432
XOXOXXXOO,-1.0
1X345OX89,-0.003970972321910071
1X3X5OXO9,-0.28006736224875883
OX3XXOXO9,-0.6737062349093326
OXXXXOXOO,-1.0
1XXX56O8O,0.3593442328274249
1XXXO6OXO,0.7187498770654202
OXXXO6OXO,1.0
O23X567X9,0.31321997968734505
OX3XO67X9,0.9999976557980532
OX3XOOXX9,0.49999183410538706
OX3XOOXXO,0.9999999999999998
O23XXXO89,-1.0
OX34XXO89,-0.20325756072998047
OXO4XXOX9,-0.9999999997671694
12X4567OX,-0.798326148034376
OOX4XX7OX,-1.0
O234XX789,-0.04531890655755032
O2X4XX7O9,-0.9921838100999594
OXX4XXOO9,1.0
OXX4XXOOO,1.0
1XOOX6X89,-0.5460408769849334
1XOOX6XXO,-1.0
X23O567X9,0.290734755857859
XOXO567X9,-0.2714554671293022
XOXOXO7X9,-0.9999923706054688
XOXOXOOXX,-1.0
XX3O5O7X9,0.609375
XX3OOO7X9,1.0
123O5X7X9,0.3314519759691016
12OO5XXX9,-0.6333315037424541
O2OOXXXX9,0.9059750956907909
OOOOXXXX9,1.0
XX3O5OX89,0.984222412109375
XX3O5OXOX,0.67138671875
XX3OOOXOX,1.0
1X3456O8X,0.017895798471025848
1X3O56OXX,0.999618411064148
OX3O56OXX,0.9999999999708962
123XOX789,0.5896056190212301
123XOXOX9,0.4825506209262935
12OXOXOX9,1.0
12X4O67X9,0.3766893462359415
1XX4OO7X9,0.6696772542782128
OXO4X6X89,0.25921744781866735
OXO4X6XXO,-1.0
X2X4XO7O9,-0.8090825080871582
XXX4XO7OO,-1.0
1O345X78X,0.653644562610523
1OX45XO8X,-1.0
12O456XX9,-0.26028242328465656
12OOX6XX9,-0.6331120026735562
1XOOXOXX9,-1.0
1O3X567X9,-0.08800744565441004
1OXX5O7X9,0.1615454926650239
XOXXOO7X9,0.034064438765187166
X2345O78X,0.1546775885774474
XOX45O78X,0.2983397086588576
XOXO5OX8X,-0.28125
XOXOOOX8X,0.9999999999999432
1X3OO67XX,-0.5040977383511063
1X3OOO7XX,1.0
12XXO6789,0.06862497237731513
1OXXOX789,0.7587887118267796
OOXXOX78X,-1.0
12X4OXO8X,-1.0
12XOX6XO9,-1.0
1O3456X8X,-0.9362679669963925
1OOX56X8X,0.19364166259765625
XOOX56XOX,-0.9999999999999982
XX3O56X8O,0.4991450522797558
XX3OO6XXO,0.991790771477099
XX3OOOXXO,1.0
O23456XX9,-0.43920364215274693
O234XOXX9,-0.804692268371582
OOX4XOXX9,-0.9999999999999929
O2XX56789,0.35553773769382585
O2XX5O78X,0.49999304548829504
O2XXOOX8X,0.3123283047414134
X2X45678O,-0.8878162670635334
X2X4O6X8O,-0.6172576330899063
X2XOO6XXO,0.7441406022404058
XOXOOXXXO,0.5
1O3XOX78X,0.9998710052665665
1OXXOXO8X,-0.9999999999999999
OX34567X9,0.4119325737533198
OX3X56OX9,0.11713576305180462
OX3XO6OXX,0.7537841796874856
OXXXOOOXX,0.5
1O345XOXX,-0.5988235464319587
1OOX5XOXX,0.9999990463256836
1OOXOXOXX,1.0
1OX45X7XO,0.6869710547057333
1OXO5XXXO,0.1171875
12X4XO7XO,-0.48532343349703255
O2XXXO7XO,-0.9999999925494194
12X45O78X,-0.4258589071899909
12XO5O7XX,-0.5617990493774414
1OXOXO7XX,-0.9999923706054688
OOXOXOXXX,-0.9999999850988388
XO34X6789,-0.32897534425468233
XOX4X678O,0.34435066390292324
XOX4XX7OO,-0.8769540786743164
XOX4XXOOO,1.0
OX34OX78X,-0.07908733600054899
OXXOOX78X,-1.0
X2OX56XO9,-1.0
X2OX56OX9,0.5546759879234742
X2OXO6OX9,1.0
1XO4X67OX,-0.9169712083346304
1XOXX6OOX,-0.9999999999854481
1XOX5O78X,-0.8691601165920425
XXOX5O7OX,-0.999755859375
XXOXOOXOX,-1.0
123X5X78O,-0.2880966174454287
12XXOX78O,0.7792549131678128
X2XXOX7OO,0.9999980926513672
XOXXOX7OO,1.0
OX34X6789,-0.2645101983104857
OX3XX67O9,0.04432879527673707
OXXXXO7O9,0.35896301268435593
1234XO78X,-0.847004534474278
O2X4XO78X,0.09202949434306462
O2XXXO7OX,0.2921609878538334
OOXXXOXOX,-1.0
XO34X6XO9,-0.9999808892607689
XO34XXXOO,-0.9999997615814209
XOOXXXXOO,-1.0
X23X5X7OO,0.8437461853027344
X23X5XOOO,0.9999999999417923
12XOX6789,-0.0395793579326566
1XXOX678O,-0.8747558747418225
XXXOX6O8O,-1.0
X23X5O789,-0.3810592743371274
XX3X5O78O,0.875
XX3XXOO8O,1.0
XX3XXOOOO,0.9999999999999999
12XO5X789,-0.8807561346421244
1XXO5X78O,-0.33030463758770573
XXXOOX78O,-1.0
1X3OXO78X,-0.8583984375
1X3OXOXOX,-0.999969482421875
OXXOXOXOX,-1.0
X2X45O789,-0.930696116132244
X2XX5OO89,-0.13910537043880455
XXXX5OO8O,-0.9999995231628418
12X45OXOX,-0.058462206541020634
1OXX5OXOX,0.61328125
1X3O5XO8X,0.7265586853027344
OX3O5XO8X,0.9999999997671694
12XO56XOX,-0.28368377686274493
X2XOO6XOX,1.0
XOXOO6XOX,1.0
OX34XX7O9,-0.11928348895729912
OXO4XX7OX,-0.34375627594999975
O23XX6XO9,-0.9578569273310148
O2OXXXXO9,-1.0
X2X4OOX89,0.9999980924039483
XXX4OOXO9,-1.0
12OXX67OX,-0.6767781956805017
O2OXX6XOX,0.9949338287114529
OOOXX6XOX,1.0
XOX456789,0.2976179117248314
XOX45X7O9,0.240234375
12X4567XO,-0.17837199355607833
12XX56OXO,0.3838383320507923
X2XX5OOXO,0.4908410906791687
123OXX7XO,0.5571325253538442
1X3OXXOXO,-0.9999999999708962
1XXOO678X,0.4020383303827072
1XXOO6XOX,0.9060058574832491
1XXOOOXOX,1.0
XX345OOX9,-0.49988555908203125
XXXO5OOX9,-0.9921875
1XXO56XO9,-0.9996261596679688
1XXOX6XOO,-1.0
OO3XXXOX9,-1.0
12X4O6OXX,0.49728350333123295
12XOOXOXX,-1.0
XX3456O89,-0.48929230058365203
XX34X6O8O,-0.015764618439341627
XX34X6OOO,1.0
X2XO56789,-0.7912262455908076
X2XOO67X9,0.4916980134701666
XOXOOX7X9,-0.47027587890897854
XO3O5XX89,0.352182732603753
XO3OOXXX9,0.49413762358017266
X23O56X89,0.4911044593488295
X2OO5XX89,0.10306759477209798
X2OOXXXO9,0.301971243371554
XOOOXXXOX,-1.0
X2345X78O,0.2914857209363371
X2X45XO8O,-0.6618956375851233
XOX45XOXO,0.5
XO345XX8O,0.21947553800562908
XO3OXXX8O,0.44653319752608667
1O34X6OXX,0.4075724450333313
1O3OXXOXX,-0.03906252235174179
XOOOXXOXX,-1.0
12X456O8X,-0.07607210616196752
O2X45XO8X,-1.0
OX3O5XX89,-0.8154575434015126
OXXOOXX89,0.3749980926513672
OXXOOXX8O,1.0
1X34OX789,0.4330241193133738
1XO4OX78X,0.6669916500385925
OXOXOX78X,0.7413863837572867
OXOXOXO8X,1.0
O2XXO67X9,0.9552353864092873
O2XXO67XO,1.0
1234O6XX9,0.05631938145655441
123XO6XXO,0.16707276132907545
1OXXO6XXO,-0.08203935995879874
OXXX5O789,0.3238528724389686
OXXX5OO8X,0.5
1OX4O6X8X,0.46764224761017104
OOX4O6XXX,-1.0
X2XOXO789,-0.9999809265136719
XXXOXO78O,-1.0
OO3XX6X89,-0.3282508850098793
OOOXX6X89,1.0
OXOX567X9,-0.7559837036007683
OXOX56XXO,0.9999847412109375
OXOX5OXXO,0.9999961853027344
1O3O5X7XX,-0.2422199249267578
1OOO5XXXX,-0.9999995231628418
1XX4O6789,0.6954843271192235
XXX4O678O,-1.0
O23XX6789,0.6509857189019586
O23XX6X8O,-0.7425212860107422
O2XXX6XOO,-0.9999999999997726
1X3O5XX8O,0.013062113714481516
1X3OOXXXO,0.8740234221331487
XXOOOXXXO,0.5
XX34O6XO9,-0.5421829871589876
XXXOO6XO9,-1.0
1X3X56O89,0.026678243933833112
1X3XOXO89,0.6090059205889662
OXXXOXO89,-0.26563286781311035
OXXXOXO8O,1.0
O23XXX78O,-1.0
1OXX56789,-0.312362416961623
1OXX567OX,0.4591398239135742
OOXX5X7OX,-0.9999980926513672
OX3OXX789,0.8120079075159792
OX3OXXX8O,-0.9999999999999991
OXOOXXXXO,-1.0
OO3XXX789,-1.0
12O45XXOX,0.6415823825167983
OXO45XXOX,0.5
XOO45X78X,-0.39178485312731937
XOOX5X7OX,-0.0625
XOOXOX7OX,0.9999999701976776
12XOOXX89,0.3310125295947995
X2XOOXX8O,0.49963378486575016
X23456OX9,0.32456658664672267
X234X6OXO,-0.3269076266416708
X23XXOOXO,0.6103515028914862
1234OX78X,-0.18895647477107758
X234OX7OX,0.9799725681612443
XO3OOXXOX,1.0
X2XXO67O9,0.05783049702494658
XXXXO6OO9,-1.0
12OX56X89,-0.4514272289414716
12OX5XX8O,0.025257134810090065
XOOX5XX8O,-0.9999999925494194
X234O6OXX,0.7766120414520679
X2X4OOOXX,0.8749617822467712
X2XOOOOXX,1.0
1OX456X89,-0.2522523244238334
1OXO56XX9,-0.8906173706054688
OOXO56XXX,-0.9999998807907104
1O34O6XXX,-1.0
12O4XO7XX,-0.7275398988422328
O2OXXO7XX,0.7646474819339257
OOOXXO7XX,1.0
1XX4X67OO,0.35812179045706216
1XX4X6OOO,1.0
O23XOX78X,0.7767250976011472
O23XOXXOX,0.62499205768097
OO3XOXXOX,1.0
123XO6X89,-0.6621496876888016
123XO6XOX,0.4489165697927802
1O3XO6XOX,1.0
XOXO5X789,-0.47393013074519214
XOXO5XOX9,0.47650146484375
X23456O8X,-0.41475372332993776
XX3O56O8X,-0.8882426135241985
XX3O5XOOX,-0.998046875
XXOOXXOOX,-1.0
XO3X5XO89,-0.043856289836753604
XO3XOXOX9,0.9686276614590383
X2O4X6789,0.27848061980496036
X2O4XX78O,0.2332140969679551
X2O4XXOXO,-1.0
XXO4OX789,0.8123694080013453
XXO4OXX8O,0.45117341911100084
123OXO7XX,-0.993911862373352
12OOXOXXX,-1.0
1XX4XOO89,-0.6621170144408097
1XXOXOOX9,-0.9999999999854481
XX34O67OX,0.36364373191330535
XXO4O6XOX,0.4978027343749886
OO3X56X8X,0.23917000740765104
OO3XO6XXX,-1.0
OXXX5678O,0.8740490674990724
OXXXX6O8O,-0.1262221336364746
XXO4X678O,0.7770704973606167
XXO4XXO8O,0.8349532987049315
XXOOXXOXO,-1.0
O23456X8X,-0.6634983558500793
OX34O6X8X,-0.6097863284164949
OX3XOOX8X,-0.4536132828229711
OXOXOOXXX,-1.0
12X4O6X89,0.5848457784837651
O2X4O6XX9,0.4579770336858928
OXX4OOXX9,0.9999995231628418
OXXOOOXX9,0.9999999999998863
XX345OX8O,-0.5625
XX3OXOX8O,0.718719482421875
XXOOXOX8O,1.0
O23XOXX89,0.9999983905269535
O2OXOXXX9,1.0
12X45OOXX,0.24138153912561433
XOX45OOXX,-0.18028259282801784
OXOX56X89,-0.14879273156479075
OXOX5XX8O,0.937255859375
OXOXOXX8O,1.0
XO34XX7O9,-0.9959678649902344
XO3XXXOO9,-0.9999999999998863
OXO4X67X9,-1.0
XO3X567XO,0.08494868323034921
XO3XX6OXO,0.4127487241348291
12X4OX7OX,-1.0
XX3XO6O89,0.9985197782507383
XX3XOOO8X,0.4843711852436169
XXOXOOO8X,1.0
X2OX56789,-0.6926211322704137
XOOX5X789,0.1728057861328125
XOOXOXX89,-1.0
XO3XO67X9,-0.2561109229245256
XO3XO6XXO,-1.0
1X3XOO78X,0.3290642685253662
1XXXOO7OX,-0.9611816741962684
O23X56X89,0.6518670856580739
O2OXX6X89,0.49395702684334675
O2OXX6XXO,0.999969482421875
O2OXXOXXO,1.0
X23O5OX8X,0.15079975128173828
X23OOOX8X,1.0
O2X45O7XX,0.6447755778121973
O2X4XOOXX,0.8202361734583974
OXX4XO789,-0.43189782655717956
OXXOXOX89,-1.0
XOO4567XX,-0.478759765625
XOO45OXXX,-0.9999999701976776
1X3X5O789,0.3185534024257246
1X3XXOO89,0.2655217695998593
XXOXXOO89,0.7499847412109375
XXOXXOO8O,1.0
1XX4XO78O,-0.773571014386107
OXX4XO7XO,-1.0
1XO4XO78X,-0.9999999776922746
1XO4XOOXX,-0.9999999999995453
XO3X56789,-0.6133124183266552
XOXX567O9,0.35693359375
XOXXXO7O9,-0.9999923706054688
XOXXXOXOO,-0.9999999981373549
X23XO6O8X,0.26818084681410337
X23XOXOOX,0.9999999998835847
X2OXOXOOX,0.9999998807907104
O2X456XXO,-0.5039262771606445
O2X4O6XXO,1.0
1X3OXO7X9,-1.0
XX3X567OO,-0.1015625
XX3X5OXOO,-0.9999999997671694
O2X4OXX89,0.8593139327131212
OOXXOXX89,0.9999999997671694
OOXXOXX8O,0.9999999999417923
1XO45678X,-0.44781018697419694
1XO456OXX,-0.03125
1XO4O6OXX,1.0
1XXX5O7O9,-0.45401208109797186
1XXXXO7OO,0.5146403312683105
1XXXXOOOO,1.0
1X3OO6XX9,0.9935760316022537
1X3OOOXX9,1.0
1O3XXXO89,-1.0
XXO4X67O9,-0.47353389261284395
XXO4XO7OX,-1.0
O2XO5X78X,-1.0
1XO4X67XO,-1.0
XO3X56OX9,-0.432943237735735
XO3XO6OXX,0.5259971618652326
XOOXO6OXX,1.0
XO3OXX789,-0.5427056140721287
XO3OXX7XO,0.5
XOOOXXXXO,0.5
1X3XOOX89,0.12352615776773368
1XXXOOXO9,-0.6023025512695312
XXXXOOXOO,-0.9999980926513672
X2XO567XO,-0.4633411391738325
XOXOX67XO,0.49945063886843855
O2OX567XX,0.22967512411870816
OOOX567XX,1.0
XXOO5678X,-0.0835809707750742
XXOO56OXX,0.46875
XXOOO6OXX,0.9999999999708962
1XO4X6X8O,0.8142516575171289
OXOXX6X8O,-0.8320355415344238
OXOXXOX8O,1.0
1XO4567X9,0.21359239586622625
XXOO567X9,0.403974533078326
XXOO5X7XO,0.3124999999972713
1XO4O6X8X,0.3301324473162255
1XO4OOXXX,-1.0
123XO67X9,0.5650298618152723
1X3XO67XO,0.9421381055143065
OX3XO67XO,1.0
1OO45XXX9,0.375
OOO45XXX9,0.9999997615814209
X23O5XOX9,-0.6120282310599077
X23OXXOXO,0.377593725919545
1OO4X67XX,-0.26551890394512345
XOOOX67XX,-1.0
123X56O8X,-0.14494252415331094
12OXX6O8X,-0.9973144829372949
X2OXXOO8X,-1.0
12XO5XOX9,0.23809802532196045
O2XO5XOX9,0.9999999999995453
1OOXX67X9,0.9342937468900026
XOOXXO7X9,0.49997711181640625
1XO456X89,0.22112623234496673
1XO45XXO9,0.43040654799393674
1XO4OXXOX,0.5
12XXXO78O,-0.2778588294779712
X2XXXOO8O,0.9521484337674297
XOOXO67XX,0.7585136890411377
XOOXOOXXX,-0.9999999850988388
OXO456XX9,0.2519378662109375
OXOO5XXX9,-0.9999999997671694
1X3OOX7X9,0.5223223577891694
1XOOOXXX9,0.2890624775609254
1234OOXXX,-1.0
12OXXX7O9,-1.0
1234X6X8O,-0.33298477876658417
123OX6XXO,-0.8849885372450156
XO3OX6XXO,0.4999856948852539
X23O5XO8X,-0.9999542199075222
XOXO5XO8X,-0.9999999850988388
X234OXX8O,0.3041045661472893
X2X4OXXOO,-0.7304687521391315
XX34O6OX9,-0.25793457124518704
XXO4O6OX9,1.0
1X34OXXO9,0.14733402048798921
1X3XOXXOO,0.96826171875
OX3XOXXOO,1.0
X23XX6OO9,-0.35205269139260054
X23XX6OOO,1.0
XXOX56O89,0.23436706139909802
XXOX5XOO9,0.9999999403953552
XXOXOXOO9,0.9999999999999996
12OO56XXX,-1.0
1X3XX6O8O,0.39028357524512103
1XOXXXO8O,-0.9999999999995453
12XXOOX89,-0.2087767840759805
XOXXOOX89,-1.0
XX345O7OX,-0.9838584661483765
XXXO5O7OX,-0.9999999990686774
X23X5OOX9,0.41186503801861085
X23XOOOXX,0.5938529968261148
X2OXOOOXX,1.0
1XOXO6X89,0.07888464931463107
OXOXO6XX9,0.4999971389770508
X2O4O6XX9,-0.4320163290233064
X2OOOXXX9,0.40039044618589514
OO3XX678X,0.47463553926701935
OOOXX678X,1.0
X2X4OX78O,-0.2957881856035451
XOX4OX7XO,0.5
XX345XO8O,0.9492187495864064
XX345XOOO,0.9999999999417923
X23OO6XX9,0.9977238021659254
X23OOOXX9,1.0
1X3XO6O8X,0.7473127446003072
1XOXO6O8X,1.0
X2X45OO8X,-0.8207455240224724
1234XXOXO,-0.9765625393484214
O2X4XXOXO,-0.12793433666229248
X234XOO8X,-1.0
1X3OO6X8X,0.8124070074872966
1X3OOOX8X,1.0
O234XXXO9,-0.49994674377376214
OOX4XXXO9,-0.9998779296875
O2XX567OX,0.4857983284405635
O2XX5XOOX,-0.999969482421875
123O567XX,-0.07451897966239018
O2XO567XX,0.17040801048278809
O2XO56OXX,0.9999999999999716
X2O456OXX,0.220703125
XXO45OOXX,-0.2578125
XXO4OOOXX,0.9999999990686774
XX34O67XO,0.9544751030318226
XXOXO67XO,1.0
XXOXO6OXO,1.0
X23X5XOO9,0.9333495793980546
12XO56OXX,-0.15242007371853106
X2O4X6OX9,-0.9999999998446896
XXO4XOOX9,-0.9999999999999982
X23OOXX89,0.3954169790426435
X2XOOXXO9,-0.4375038146972656
XOXOOXXO9,1.0
OX3O5X7X9,0.4999980628490448
OXXOOX7X9,0.99609375
OXXOOXOX9,0.9999999999990905
1OXO5XX89,-0.8437972068782875
1OXOOXX8X,-1.0
123X5XOOX,-0.2500038146972656
12OXXXOOX,-0.9999999999708962
1XX45678O,-0.9730049659469611
OXX4567XO,0.7495675086975098
OXXO56XXO,0.90625
OXXOXOXXO,-0.99609375
123OX67X9,-0.8467271777921477
O23OX67XX,-0.6327559649944305
OO3OXX7XX,0.9999961853027344
OO3OXXOXX,1.0
12OOXXX89,0.45523106018086673
X2OOXXX8O,0.5
1X34X6XOO,-0.9000075425746829
OXX4X6XOO,-1.0
XXO4X6O89,-0.31366951872137605
XXOOX6O8X,-1.0
X234O6XOX,0.7116686343804282
XX34OOXOX,0.3515624850824679
X2XO56OX9,-0.5337062403586973
XXXO56OXO,-0.998046875
1XOOX67X9,-1.0
OX34X67XO,-1.0
1XXX5O78O,-0.7426509261122192
XXXXOO78O,-0.9999999999999929
XO34X67OX,-1.0
1X345XO89,0.29522621488838074
1X3O5XOX9,0.015625
OX3O5XOX9,0.9999999999708962
X2X45O7OX,-0.5390623807907104
XOXX5O7OX,0.841796875
XOXXOO7OX,1.0
X23OXOX89,-0.9302274437759652
X2OOXOX8X,-1.0
OX34X67OX,0.3025808275098666
OX3OX6XOX,0.4717500805852651
1234X6XO9,-0.8609591441555218
12OOXXXXO,-0.203125
12OOX6X8X,-0.7798799101562907
1OOOX6XXX,-1.0
X234OXO8X,-0.375763475894928
X2O4OXO8X,1.0
X2OO5X7X9,0.6570187063857331
XOOO5XXX9,-0.53173828125
O2XOX678X,0.49924957752227783
O2XOX6XOX,-1.0
12O4X67X9,-0.6456703524578287
12O4XOXX9,0.9979228973388672
12O4XOXXO,1.0
O2X45X7OX,-1.0
O23OX6XX9,-0.569887221907518
OO3OX6XXX,-1.0
XXOX5678O,0.6249973773956299
XXOX5O78O,0.9999999999417923
123O5XXOX,-0.2738156396195352
12OOXXXOX,0.453125
12XXXO7O9,-0.6690828171030123
12XXXOOOX,0.44117727735738266
X2X4XO78O,-0.6944310003205525
XOX4XO7XO,-0.7304918170412271
O2XO5XX89,-0.8784713745117188
O2XOXXX8O,-1.0
1XOX5OOXX,0.21875
1XOXOOOXX,1.0
12X4OO7XX,-0.1963459540444369
O2XXOO7XX,0.07738006114953322
12X4X6OOX,-0.9822098751929254
X2XOX6OOX,-1.0
1OXO56X8X,0.49511718749999645
1OXOO6XXX,-1.0
XXX45O78O,-1.0
O2XO56X8X,-0.9919951297342777
O2XO5OXXX,-0.9999998807907104
XOX4O6X89,0.9921502767209223
XOXOO6XX9,0.8044128417968714
XOXOOOXX9,1.0
12XO56X89,0.022506603845965673
12XOX6X8O,-1.0
12OX56XOX,-0.08627284340064989
X2OX5OXOX,-0.9999999403953552
X23OX6789,-0.04342064631460779
XX3OX678O,-0.812370332585115
XXOOX67XO,-1.0
X2O4XOX89,-0.20316529273986816
X2O4XOX8O,1.0
X2OX5OX89,-1.0
O234XOX8X,-0.5157258601979462
O2OXXOX8X,0.6920621906165243
OOOXXOX8X,1.0
XO34OX78X,0.9980314964917874
XOXOOX78X,-1.0
12OOXX7X9,0.16542272164432853
OXOOXX7X9,-1.0
1234XOX89,-0.9457363725276868
12OXXOX89,0.999877810474544
12OXXOX8O,1.0
OXX45O78X,0.4400069111221125
OXX4OO7XX,0.6718748807907104
OXXOOO7XX,1.0
XXO45X78O,0.5000896923364486
XXOXOX78O,0.9374998430721462
XXOXOXO8O,1.0
1X34XXOO9,0.4335324713028328
1X34XXOOO,1.0
1O34XX789,-0.6869964509944448
1OOXXX789,-1.0
XX3O567XO,0.5331649761646942
XXXO5O7XO,-0.9999999701976776
OX34XO78X,-0.10945858995695512
OXOXXO78X,0.47802698611120675
12X4XXO8O,0.9650020588069766
12X4XXOOO,1.0
OX345XXO9,-0.03364264759935448
OX34XXXOO,-1.0
OXOXXXXOO,-1.0
1O34XXX8O,-0.8769609658047557
1OO4XXXXO,0.9970664978017467
OOO4XXXXO,1.0
X2X4X6OO9,0.23712130053900182
X2XXXOOO9,0.04681396484375
X2XXXOOOO,1.0
X2X4OO7X9,0.20399686019904362
X2XXOO7XO,-1.0
XXXXOOOXO,-1.0
1OX4XX7O9,-0.5175876617431641
1OXXXXOO9,-0.9999998807907104
1XX4O6X8O,-0.0030546188354492188
XXXOO6X8O,-1.0
1OX4XO78X,-0.3730795364840631
1OX4XOXOX,-1.0
XX34OO78X,0.22631825506662429
XXO4OO7XX,0.9999999999417923
1XOOXXX8O,-0.9063644409616245
1X3456X8O,0.20252769151575897
OX3456XXO,0.7968745231628418
OX34O6XXO,1.0
12OXXX78O,-1.0
O2OX56XX9,-9.179120388580486e-05
O2OX5OXXX,-0.9999999990686774
12OXO6XX9,0.21167076984602318
X2OXO6XXO,-1.0
12OX5O7XX,-0.6973869055436808
1OOX5OXXX,-0.9999997615814209
1X34XO789,-0.3996358925042766
OXX4XOOX9,-1.0
1XXO5O78X,0.8813471791800112
1XXOXOO8X,-0.02685546875
XXXOXOOOX,-0.9999999995343387
1XXOOO78X,1.0
X2O45OX8X,-0.9999999850988388
X2OO5OXXX,-0.999999999992724
XX34OX7O9,0.19536350422371448
XXO4OX7OX,0.966796874490198
XXO4OXOOX,1.0
1X3X5OO8X,-0.45126792463202975
1X3XOOOXX,0.8281242828815039
O2O456XXX,-1.0
1X34X6OOX,-0.33748160731185395
XX3OX6OOX,-0.9999999999999716
1XO456XXO,-0.007889878139643258
1XO45OXXO,0.9999999999998863
12345OX8X,-0.48845960710595426
123O5OXXX,-1.0
12OXXO7X9,-2.288824998686323e-05
12OXXO7XO,1.0
1OX4X6XO9,-1.0
X2O4XO78X,-1.0
1X3OX6789,-0.6515061520820006
1X3OXX7O9,0.32485114213907385
XX3OXX7OO,0.9521160120784771
XX3OXXOOO,1.0
OX3OX67X9,-1.0
OO34XX7X9,0.7812498759000022
OOO4XX7X9,1.0
OXXO5XXO9,-0.9999980926513672
O234O6XXX,-1.0
1XXX5OOOX,-0.078125
1XO4X6O8X,-0.8907470693738988
OO34X6X8X,0.18822453916071424
OO3XX6XOX,0.9689922332763636
12O4XX789,-0.4378752569416037
12OXXXO89,-1.0
12X4XOX8O,-1.0
123XXXOO9,-1.0
12XX5OX8O,-0.863037109375
1OXX5OXXO,-0.9999990463256836
12X4XO789,-0.3208989535049448
1OX4XO7X9,0.043360579205661
XOX4XOOX9,-0.22694025561281705
XXX4OO789,-1.0
1OX4X6789,-0.5144475525620351
OOX4X6X89,-1.0
12O456X8X,0.2980829292162044
12O4O6XXX,-1.0
X234O6XXO,0.3485846679590531
XX34XO78O,-0.626502544619143
XXO4XO78O,1.0
O23XO6X8X,0.7553342125478719
O2OXO6XXX,-1.0
1OX45OX8X,-0.369138717655062
1OXXOOX8X,0.9980459213256836
12O4OX7XX,0.29171357850600454
1OO4OXXXX,-1.0
1OX4XOX89,-1.0
12X4XOO8X,0.06936980448784663
XOX4XOO8X,-1.0
1O345OXXX,-1.0
X23XXO7O9,-0.9838914871199869
X23XXOXOO,-1.0
XO34X67XO,0.3155546085729128
XOOXX67XO,-0.5078125000582077
XOOXXO7XO,1.0
XO3456OXX,-0.3011897988714115
XO3OX6OXX,-1.0
X2O45OXX9,-0.8134766221046448
X2O45OXXO,0.9999999999999716
12XXOXO89,0.8924741048627893
O2XXOXOX9,0.49847316741215764
O2XXOXOXO,1.0
123XXOOX9,0.45015844762995616
1XOXXOOX9,-0.9999999999999964
12X4X6XOO,-1.0
1X34OXX8O,0.9993425212301483
OX34OXX8O,1.0
OX34X6OX9,-1.0
O2345XXXO,0.3592376708984377
O2OX5XXXO,0.9999999995343387
O2OXOXXXO,1.0
123XXX7OO,-1.0
X2O4X6O8X,-1.0
OO34XX78X,0.4638080596923828
OOO4XX78X,1.0
X2X4X6O8O,0.43532176250542676
X2X4X6OOO,1.0
O2XX56X8O,0.9981961250305176
O2XXO6X8O,1.0
O23O5X7XX,0.8671875
O23O5XOXX,0.9999999999999991
123XXXO8O,-1.0
XXX4XOOO9,-1.0
12X4XOXO9,-1.0
X234X6OOX,-1.0
X23OX6O8X,-1.0
O23OXXX89,0.12150109611762183
OX3OXXXO9,-0.250023603440209
O2XXX678O,-0.8762144780338721
OOXXXX78O,-1.0
OX3OX6X89,-0.7663466992987853
OXOOX6XX9,-1.0
OO3OXXX8X,0.9979400634765625
OOXOXXXOX,-0.9999999403953552
X2OX5X7O9,-0.984375
X2OXOXXO9,-1.0
O2X4X6OX9,0.7918292834534196
O2XOX6OX9,1.0
1O3XOX7OX,1.0
XX3O5X7O9,-0.35964443350996783
XXXOOX7O9,-1.0
12XXO67OX,0.24159621249043184
12XXOXOOX,-0.9999999999999858
OXXOX6789,0.23436949378810823
OXXOX67XO,-1.0
OXO4XO7XX,-1.0
12X4OX7XO,0.7904567867461813
O2X4OX7XO,1.0
12XOXOX89,-1.0
O2XOXX789,-0.45427639785481233
O2XOXXO89,1.0
1XX4O6XO9,0.01900606802737137
OXXOX67OX,0.7499847412109375
OXXOX6OOX,1.0
1OXXX6O89,0.02504132984237939
XOXXX6OO9,0.21093749930150807
1OXOXX789,-0.37305378052400195
1OXOXXX8O,-1.0
123XOXXO9,-3.055595928458388e-05
12XXOXXOO,0.9999999999998863
1OXXOXXOO,0.9999999999995453
1X34OX7OX,-0.7407238596462169
OX3XOX7OX,0.4853515624999573
XOX4X6O89,0.24840304112873868
XOX4X6OOX,-1.0
1X34XX7OO,0.6942571561944231
1XOXXX7OO,-0.9999999999999998
XO3XX678O,-0.9473947664314017
XO3XX6XOO,-1.0
XO3XXOX8O,-1.0
XO3XX67O9,-0.894287109724246
XO3XXX7OO,-0.9999999999708962
1OX4XXO89,-0.9335066206439304
OOX4XXOX9,0.3124999999989768
OO345X7XX,0.5
OO3XOX7XX,0.86328125
OOXXOXOXX,-1.0
XO34XO7X9,-0.45414649967278164
1X3OXOX89,-0.8163642883300781
1XXOXOX8O,-0.9999961853027344
12XXXOOXO,-0.29761403799058106
1O34OXX8X,0.6303702592126683
1O3OOXXXX,-1.0
1X34O6XOX,0.5272246854372853
1X3XOOXOX,-0.6557625244604428
1X3XXO78O,0.9527740139492341
OX3XXO7XO,-0.9999999962747097
1XO4XOX8O,1.0
X234X678O,0.3256301159730464
12XO5XXO9,-0.9999999394676705
1OXOXXXO9,-1.0
1XOO5XXXO,0.5
XXOO5XX8O,0.5
12XO5XX8O,-0.626605856935014
X2XOOX789,-0.7217116883464729
X2XOOXOX9,-1.0
XXXOOXOXO,-1.0
XO3O5X78X,-0.9057617112994194
XOOO5XX8X,-0.9999999999999858
12X4OXXO9,-0.1875010083898021
1OX4OXXO9,1.0
12O4XX7OX,-0.832811416011169
X2OOXX7OX,-1.0
XX3O5X78O,0.1307398209769738
XXXO5XO8O,-0.9999999998835847
O2X4OX78X,-1.0
XOXOXXO89,0.05468633025884628
XOXOXXOOX,-0.9999999995343387
O234XXX8O,-0.9999999812425813
O2OXXXX8O,-1.0
XOXO5XXO9,-0.25
12XO5XO8X,-1.0
XXXO5678O,-1.0
OOXX567X9,-0.0909252318222985
OOXXO67XX,-1.0
123XOO7XX,0.24122423981766816
12OXOOXXX,-0.9999999403953552
X2345OOXX,-0.8009033205453593
X23OXOOXX,-0.9999999999999998
12X4OXX8O,0.062291061727560604
XOX4OXX8O,0.9843711778357829
XOX4OXXOO,1.0
X23OOX7X9,0.30886225323192207
XX3OOX7XO,0.499664712652924
X23X5678O,0.13345920293257482
X2OX56X8O,-1.0
1O3XX6X8O,-0.9562722444534302
1OOXXXX8O,-1.0
123XO6OXX,0.9230471214661926
12OXO6OXX,1.0
X23X56OXO,0.38297563137636187
X2XXO6OXO,0.47650483248432257
12XX5XOO9,-0.6894550323486328
12XX5XOOO,0.9999999999999996
X23XOO78X,0.4806049432574979
X23XOOXOX,-1.0
XO3XO6X89,-1.0
OXOX56XOX,0.5
1X34567XO,0.5964867073261746
1XX4O67XO,0.6420264233602203
OXX4O67XO,1.0
O2345OXXX,-1.0
XO3X5O78X,-0.8933649062611302
XOOX5OX8X,-0.9999923706054688
1XX4OX7O9,-0.988769742194564
XXX4OX7OO,-1.0
O23X56OXX,0.36846342456211406
OO3X5XOXX,0.40625
12XX5OXO9,-0.9107666677164448
O2XXXOXO9,-1.0
1X3X5O7OX,0.048538207659133636
OX3X5OXOX,0.5
X23X5OX8O,-1.0
XO3X56O8X,0.003118527958349604
XO3XOXO8X,0.9999999850988388
XO3XOXOOX,0.9999999999997726
1XOX56OX9,0.43749237060546875
1XOXO6OX9,1.0
12O4OXXX9,-0.32104903442489496
1X3OX6OX9,-1.0
1234OXOXX,0.9996313272807702
1OX4OXOXX,-1.0
X2XOOX7XO,-0.34423067841999
1OXOX6X89,-1.0
X2XOOO7X9,1.0
12XOO67XX,0.8046536418839878
12XOOO7XX,1.0
OXX4XOO8X,0.9841308575123549
OXXOXOO8X,1.0
1O34XX7XO,0.28710162665226713
1OOXXX7XO,-0.9999999999998863
1XOXXO78O,1.0
123XOX7XO,0.9987633191048957
1O3XOXXXO,0.7456035609357059
OO3XOXXXO,0.9999999999999929
1O34XO7XX,-0.1706310513602577
OO34XOXXX,-1.0
1XO45X7XO,0.7187499999995453
OXO45XXXO,-0.75390625
OXO4OXXXO,1.0
XX3456OXO,-0.253875732421875
XXO45XOXO,0.873046875
O234XX7XO,-0.8906916158161895
O2OXXX7XO,-0.9999999999417923
1X34X6OXO,-1.0
X2OXOX789,0.8749916252151805
X2OXOXO89,1.0
1XOX567XO,-0.03125000378349885
1OX4OX7X9,0.47972756317441906
OOX4OX7XX,-0.9999999850988388
X234OO7XX,0.6861036196347343
X23OOO7XX,1.0
X23OXO7X9,-0.9546508193016052
X2XOXO7XO,-0.9999999981373549
1X34XO7XO,-1.0
X23OX67OX,-1.0
12XOXO7X9,-0.9921568036079407
O2XOXOXX9,-0.9999990463256836
12XOX67XO,-0.6065033042916381
1XXOX6OXO,-1.0
OXO4X678X,-0.39415487174582514
OXOOX67XX,-1.0
12XXX6OOO,1.0
12O4X6X89,-0.28623254804300635
12OXX6XO9,-0.9999999990832293
1OOXXXXO9,-1.0
1XXXO67O9,-0.42619008314602
OXXXOX7O9,-0.6562500000040927
OXXXOX7OO,0.9999999999999991
O2X45678X,-0.7624262739348993
OXX4O6X89,0.9179507445885496
OXX4O6X8O,1.0
1OXX56O8X,-0.42281258645334524
1OXX5OOXX,0.5
12XOXOOXX,-0.4532480239868164
O2XOXOOXX,0.9999999999997726
1OXXXOO8X,-0.273437500021828
XOX4XOX8O,-1.0
1OX4X6O8X,-0.8739091157911721
OOX4XXO8X,-1.0
12X45XOOX,-1.0
OXX4X678O,-0.7757676014838498
OXXOX6X8O,-1.0
X234XO7OX,-1.0
O2X45X789,0.05116906242587649
O2X4XX78O,-0.4999777628106532
O2XXO678X,-0.15038352656343
O2XXOX7OX,-1.0
XOXOX6789,-0.9876405313996416
XOXOX67OX,-1.0
X2O45678X,-0.2060294390064672
X2O4X67OX,-1.0
OX34X6XO9,-0.4065553373089421
OXXOX6XO9,-1.0
OXOXX6XO9,0.3106689229170465
OOX4XOX8X,-1.0
OXXXX67OO,0.6660146713256836
OXXXX6OOO,1.0
OXXOXXOO9,1.0
12XOOX78X,-1.0
OXO4XXXO9,-0.027343929621566287
O2X4X67OX,-0.6433660937463802
O2X4XXOOX,-1.0
OO3XX67X9,0.6077173034615668
OOOXX67X9,1.0
O2X4X6XO9,-1.0
X2XOO678X,0.6220154695618589
X2XOOO78X,1.0
X2X4O67XO,0.4045374793974007
XXX4O6OXO,-1.0
1XO45X7OX,0.5935875424544312
1XOOXX7OX,0.31245118379558723
O234X678X,-0.11182975371578686
OOX4X678X,-0.6684154168155969
OOXOXX78X,-1.0
XO3O56XX9,-0.06286467085388958
XO3O5OXXX,-0.9999997615814209
XOO4X678X,-1.0
XX3OXO789,-0.9999979138374329
XX3OXO7XO,-0.9999999999999964
XO34OX7X9,0.38655667957109485
XO34OXXXO,-0.3488769590621814
XO34X6O8X,-1.0
OOOX56XX9,0.9999999999999964
X23O5678X,-0.2167814334961774
X23OO6X8X,0.9555634222460861
X2345OX89,-0.7302197668711131
X23X5O7XO,0.58203125
X23XOOXXO,-1.0
X2345O7X9,0.17043602161445492
XXX4OO7XO,-1.0
OX3XX6O89,-0.738285779519174
OX3XXOOX9,-1.0
OXOXX6789,0.04314857538261627
OXOXXXO89,-0.9999999999417923
O2XXX6O89,0.4194902126678099
O2XXXXOO9,-1.0
OX3XXX7OO,-1.0
OO34X6XX9,-0.6407167912257155
OO3OXXXX9,0.247802734375
O2X45OX8X,-0.33942443827974667
O2X4XOXOX,-1.0
OXXO5678X,-0.1901266872882843
OXXO56XOX,-1.0
X2X4O6XO9,-0.0004921576801297789
XOX4O6XO9,1.0
O2X45XX8O,0.4019775390625
OOX4XXX8O,-1.0
12X4O6XOX,0.4628906211727769
1OX4O6XOX,1.0
1XX4OXOXO,0.3666952846106142
OXX4OXOXO,1.0
O23X56XOX,0.8582127331672045
OOXX56XOX,0.9374980926513672
OOXXO6XOX,1.0
X23X56XOO,-1.0
XOX4O678X,0.9118813292865839
XOX4O67OX,1.0
O2XX5X78O,0.5621333122253418
O2XXXXO8O,-1.0
OO34X67XX,0.65755363289444
OOO4X67XX,1.0
O2X45X7XO,-0.5391387939016568
O2X4O67XX,-0.5843505838410192
12X45XOXO,0.3307428345650002
1XXO5XOXO,-0.556640625
OXXO5XOXO,0.9999999962747097
XXX4OXO8O,-1.0
X2X45XOO9,0.0947260856628418
X2X45XOOO,1.0
OOXX5XO8X,-0.9999998807907104
X2XXOOOX9,-0.5605469240827052
X2X4OXOOX,-1.0
XX3OOX7OX,0.1014404296875
1O3XXXOXO,-1.0
X2OX56O8X,0.48608171939849854
XOOXX6O8X,-1.0
1X34XOXO9,-0.13877291907360523
1XOXXOXO9,0.8115081786527298
1XOXXOXOO,1.0
O2X45XOX9,0.49993514813240836
12XOX6OX9,0.9452506265588454
12XXO67XO,0.15671865902809667
1XXXOO7XO,-0.35772716999053955
OXXXOO7XO,0.9999999999999858
1X3OX67XO,-1.0
OXX4XO7OX,-0.6250915541313593
OXOXX67OX,0.3592834469163737
OX34XOX89,-0.8974470972052799
OXO4XOXX9,-1.0
OX34XO7X9,-1.0
OOXXX67OX,-0.9999999701976776
OOXXXXOOX,-1.0
OXOXXX7O9,-1.0
OXXXX6OO9,0.5937490463220456
OOO4X6XX9,1.0
XOX456XO9,-0.4853858947753906
XOXX5OXO9,-0.9999847412109375
O2XXXOOX9,0.489698796844994
O2X4XOX89,-1.0
1XOOXX789,0.038452522303820014
1XOOXXOX9,-1.0
O2OX5X78X,-0.01564064994721648
O2OXXX7OX,-1.0
X2O4XX7O9,-0.3475371069616814
X2O4XXOOX,-0.9999999999998863
OX3OO6XXX,-1.0
O23OXX7X9,0.9286460269864667
O23OXXOX9,1.0
X2OX567OX,-0.9998779296875
X2OXO6XOX,-1.0
XO3X56X8O,-1.0
X2XOX6O89,-0.7032168745086268
XXXOX6OO9,-1.0
1OOX5X78X,0.9374456405639648
1OOXXX7OX,-0.9999999995343387
1X3OX6XO9,0.21764231859053845
XXOOX6XO9,0.4223403930609492
XXOOXOXOX,-1.0
X2OXX6OOX,-1.0
X2OXO6O8X,1.0
12OXXOOXX,-0.9999999999854481
XXOX567O9,0.1441916618487049
XXOX56OOX,0.99609375
XXOXO6OOX,1.0
12OXXO78X,-0.0724118995334968
1XO4XXOOX,-1.0
XO3OXXO8X,-1.0
X2OOX67X9,-0.9692440070793964
X2OOXOXX9,-0.0087890625
X2OOXOXXO,1.0
XX34OOOXX,0.9999997615814209
XXXOO6789,-1.0
X23OOXXXO,0.5
X23XOOX89,-1.0
X2XO56XO9,0.09814405441284169
XOXO56XOX,0.6533203125
XOXOXOXOX,-0.99993896484375
O2X4OXOXX,-1.0
X23OXX7O9,-0.14874098332714103
X2OOX678X,-1.0
XXOOX67OX,-1.0
XXOXO6789,0.9911880491869878
XXOXO6XO9,-1.0
XX34XOOXO,-1.0
XXOXO6O89,1.0
1XX45OOX9,-0.32324505603173764
1XX4XOOXO,-1.0
OXX4O67X9,0.9979469761963156
123O5XOXX,-0.08691596239805222
1XOO5XOXX,0.9999980926513672
1XOOOXOXX,0.9999999999995453
OXX4O6OXX,0.6640624992578522
OX3OX6XXO,-0.9999999999999964
X2O45X789,0.2782542143926494
X2O45XOX9,0.470703125
X23O56XXO,0.4905758430898836
XXOO56XXO,0.6874809265136719
XXOO5OXXO,0.9999961853027344
1X3X56OOX,-0.9970703087747097
1X3XOXOOX,-0.3750038146972656
1XOXOXOOX,0.999999999996362
XXOX56OXO,0.9999995231628418
XOXX5678O,-0.6628095205215712
XOXX5OX8O,-0.9999999403953552
X23XX6O8O,0.7133321417309144
X2OXXXO8O,-1.0
XOXO5XX8O,-0.48446655273441763
X2OO5XXXO,0.5
1OX4XX78O,-0.42971876441435963
1OXXXX7OO,-0.9999999999417923
XOXXX6O8O,0.9686889648291981
XOXXX6OOO,1.0
XOXX56XOO,-0.9999999981373549
XXO4O6X89,0.5271462469140294
XXOXOOX89,-1.0
XXXOOXO89,-0.9999999999998863
XXX456O8O,-1.0
XOX4X6OXO,0.5
XXX45OO89,-1.0
XX34O6O8X,-0.5073270797729492
XXO4O6O8X,1.0
1O3X5OXX9,0.1367321014404297
XO3XOOXX9,-0.9999999999999999
1234OXXXO,0.36954816612624264
X2O4OXXXO,0.497064584866166
O234OXXXO,1.0
X23OX6X8O,0.45747365819988756
X2XOX6XOO,-1.0
XO3X5XXOO,-0.999755859375
123X56X8O,-0.37238331020987353
1OOX5XXXO,0.2421875
OOOX5XXXO,0.9999999701976776
X23O56XOX,0.43336658413288687
X2OOX6XOX,-1.0
X2X456XOO,-0.996551513671875
X2X4XOXOO,-1.0
XOX4XO789,-0.851947049622145
XOX4XO7OX,-1.0
O23O56XXX,-1.0
X2XOXOX8O,-1.0
12O45OXXX,-1.0
X23X5OXO9,-1.0
X23O56OXX,0.9062148315715604
X2XOO6OXX,-0.8750228947028518
OOX45XXOX,-1.0
OO3456XXX,-1.0
XOO456X8X,-0.99993896484375
XOO4O6XXX,-1.0
OX34OXXOX,-0.6367259067484152
O2XXOX78O,1.0
XXOO56X89,0.4999084273417207
XXOOXOX89,0.24999236315488815
1O3O56XXX,-1.0
12OO5XX8X,0.29292284813709557
12OOOXXXX,-1.0
1OXX56XO9,-0.7890625
1OXXO6XO9,1.0
X234O6X89,0.5891485997435095
XX3OO6X89,0.9269971239909162
XX3OOOX89,1.0
X2XO5OX89,-0.06579971313476562
X2XOOOX89,1.0
1XOX5OX89,-0.5992450714184088
X2XO56X8O,-0.1303078648284129
1O3OXXXXO,-0.6250235171770484
1X34XOOX9,-1.0
X2O456XOX,-0.27487741654939596
X23XOX7O9,-0.5703277592558607
XO3XOX7O9,1.0
1O345XXXO,0.8358110236571021
XOO45XXXO,0.3123779296875
O2XX5OX89,-0.0006812849506364071
OOXXXOX89,-1.0
XOO456XX9,-0.8573083858937025
XOOXO6XX9,-0.9999999999999964
XXXO567O9,-1.0
12345XXO9,-0.11748771166524526
1OX4O6XX9,-0.028301035905905603
1OX4OOXXX,-1.0
XOOX56X89,-1.0
1XO45XX8O,0.2988130875147912
1XOX5XXOO,-0.9999999403953552
XO3456XOX,0.029541015625
XO34O6XOX,1.0
1X3O56XXO,0.4003088305571323
1X3OXOXXO,-0.9999999999999982
1XO456XOX,0.49884999879948067
1XOOX6XOX,0.428221214278892
1OX4OXX89,0.9951171873821778
1OX4OXXXO,0.9355468749927223
OOX4OXXXO,1.0
123OOXXX9,0.29413884617669095
OX3OOXXX9,-0.003936767578125
OX3OOXXXO,1.0
XO3O5XXXO,0.5
XO3OX6X89,-0.9970475134377661
XO3OXOXX9,-0.999969482421875
XOOOXOXXX,-0.9999995231628418
XOO45XX89,-0.013821108688545358
XOO45XXOX,-0.06298828125
XOO4OXXOX,1.0
1OX456XXO,-0.42788395509232363
1OXOX6XXO,-1.0
1XX45OX8O,-0.928466796875
OXX4XOX8O,-1.0
1OO456XXX,-1.0
XO3X56XO9,-1.0
XX3OO6XOX,0.789057731628418
O2O45X7XX,-0.03523383388655077
O2O4OXXXX,-1.0
XXOXO6X8O,-1.0
XX34OX78O,-0.13269268774529952
O2X4OOXXX,-1.0
OOXX5OX8X,-1.0
12X45X7O9,-0.3793497426324941
1OXX5X7O9,0.19921875
1OXXOX7O9,1.0
XO3XOOX8X,-1.0
X2XXO678O,-0.12173980173161869
XOXXO6X8O,-1.0
XO345OX8X,-0.998046875
XO34XOXOX,-1.0
OX34O67XX,0.5998379058895345
OX34OOXXX,-1.0
XXX45O7O9,-1.0
XX3X5OO89,-0.615570068359375
XXXXOOO89,-1.0
O2XX5O7X9,-0.020497301785830646
OOXX5OXX9,-0.9999923706054688
OX3O56X8X,-0.942093118632199
OX3O5OXXX,-0.9999999981373549
O2XX5OXOX,0.49822044370085905
12XXXOXOO,-1.0
XX3OXOXO9,-0.9999999403953552
OOO45X7XX,0.9999999999990905
1X3OOXX89,0.37083657139464105
OX3OOXX8X,-1.0
XXO45OXOX,-0.9999998807907104
1XOXOX789,0.9999980658666724
1XOXOXO89,1.0
OXX4567OX,-0.13709623270987692
OXX45XOOX,-0.9999999403953552
XX345XOO9,0.2421358823776245
XX3XOXOO9,0.999755859375
1O3X56OXX,0.48432667552651765
1OXXO6OXX,0.4504950046538987
1XXO567OX,-0.011664867874060736
1XXOOX7OX,-1.0
O23OX6OXX,1.0
1XX4O67OX,-0.8692605459359597
XXO4567OX,-0.7931524850093441
XXO4X6OOX,-1.0
X2XX5O78O,-0.98542206780985
X2XX5OXOO,-0.9999980926513672
1O34XX7OX,-0.8730508089065552
1OXOXX7OX,-1.0
OXX4OX7OX,-1.0
1OXO5XXOX,-0.9999995231628418
1OXX5OX89,-0.999755859375
1OXO5X78X,-1.0
OOXXX6789,-0.9648666386456171
1OXXO678X,0.14798259285961496
1OXXO67OX,1.0
1XO4XX7O9,-0.6973954413029038
1OX4OX78X,-1.0
1XX45O7OX,0.460604961992242
OXXX5O7OX,0.5
1X3OOXXOX,0.4999999968513052
1234OXXOX,0.8123626708921393
1O34OXXOX,1.0
1XXOOXX8O,0.24992179870240783
123OO6XXX,-1.0
12O4OXOXX,1.0
XXXO56O89,-1.0
XXOO5OX8X,-0.0078125
1OX4XOXXO,-1.0
1XX45XOO9,-0.09375
OX3456X89,0.15177190884782366
OX34X6X8O,-0.7973804473872406
OOX4X6XXO,-1.0
1OO45XX8X,0.6326904073357582
OOO45XX8X,0.9999999999997726
OXO4XXX8O,-1.0
12O45XX89,0.4039065065765508
O2O4XXX89,0.9783913510244369
OOO4XXX89,1.0
1OXXO6X89,0.608602270469383
1X34OXO8X,-0.00927734375
OXX4OXO8X,-1.0
OXXX5XOO9,-0.50048828125
OXXX5XOOO,0.9999999850988388
O23XO6XXO,1.0
XX3OOXX8O,-0.2514650474042245
1X3X5XOOO,0.9999999997671694
XXX4O6XOO,-1.0
O2X4OXX8O,1.0
XOO4XX7OX,-0.9999999999997726
OXOOXXX89,-0.5781264416873455
X234OX7XO,0.4820036075873584
X2X4OXOXO,0.49990697029249986
1XX45XOOO,1.0
1XOO5XXOX,0.5
12XXO6OX9,0.4252252261715419
1XXXOOOX9,0.11300337314603581
1XO4XX78O,-0.8703296343749816
1XOOXX7XO,-1.0
1OX45XXO9,0.1796875
XX34OXXOO,-1.0
1X345XOOX,-0.9999523162841797
O2X4XOXXO,-1.0
1XO4O6XX9,0.41582053974329836
XXO4O6XXO,0.96484374999973
XXO4OOXXO,1.0
X2XXOO789,-0.9777535597229521
X2XXOO7OX,-0.539077773690225
1XOOXXXO9,0.5
1XOX56XO9,-0.0884731953463431
X23X5OO8X,-0.22047340071673682
X2XXOOO8X,0.4995422307399491
12XXO6O8X,0.4678955269188626
O2XXOXO8X,-1.0
XX34XOOOX,-0.9999999999999996
XXX456OO9,-1.0
XX3OO678X,0.8749198913574219
XX3OOO78X,1.0
XOX45XOOX,-0.9999990463256836
XXO4X6OXO,-1.0
XXO4XXOO9,-0.066436767578125
XXO4XXOOO,1.0
1234XOOXX,-0.9973126652154516
XO34XOOXX,-1.0
X2XOOOXXO,1.0
12X45XXOO,-0.25415714588440363
1OX4XXXOO,-0.9999999999999929
12OXOX78X,0.9607213660819681
O2OXOXX8X,0.8026809394359588
OOOXOXX8X,1.0
123456XXO,0.5498209719303673
12OX56XXO,0.9687492791545083
1XOXO6XXO,1.0
1XOXOOXXO,0.9999999999990905
1XOXXXOO9,-0.9999999999999996
1XXOX6O89,-0.3684713840484619
OXXOX6O89,1.0
12XO5X7OX,-1.0
XXO45XXOO,-0.5448017120361328
1OOX5X7X9,0.7438888549804688
XOOXOX7X9,0.23436927795410156
1OX45XOX9,0.5593499624128866
OOXX5XOX9,-0.9999998807907104
1XXO56OX9,-0.625
OXXO56OX9,0.9999999999990905
1X34O6XXO,0.999998867278407
1OX4567X9,-0.22075902245179868
O2XOO6XXX,-1.0
12X4O6XXO,0.7311954724360945
XOO4X6OXX,-1.0
O2X4O6X8X,0.3271182310436076
O2X4OXXOX,-1.0
X2XOO6X89,0.7947382286219697
123XOXO8X,0.43200680240981626
XOXXO6789,0.9991450195665753
XOXXO6OOX,1.0
O23XOX7X9,0.9990081753339267
OXOXOX7X9,0.9999999999999996
OXOXOXOX9,0.9999999999999999
1OXO5XOXX,-0.9998779296875
1OX45OXX9,-0.9218693968152822
1OXXXOX8O,-1.0
XOXXO67O9,1.0
1OXX56OX9,0.00840081146189825
O2XO56XX9,0.1669654846181743
OXX456O8X,0.07550965965399481
OXXO56O8X,0.9999999999999858
OX3X56O8X,-0.36019974112119196
OXOXX6O8X,-1.0
1XXXO6O89,-0.6646169665909931
1XXXOOO8X,-0.2507324274629369
1X3O56XOX,-0.19493511957758347
XOXOXOX89,-1.0
1XOX567OX,-0.5965400269059773
OXOX5X7OX,0.4530276730656624
XXOO56XOX,0.45165586471557606
XXXOO67OX,-1.0
X234XX7OO,-0.06263256096281111
X234XXOOO,1.0
X23XO6XO9,-1.0
XOO4XX7XO,-0.54444812797148
XO3O5X7X9,0.1572760187527819
XO3OOX7XX,-1.0
XOXO56X89,0.5706552967655057
XO3X5X78O,-0.6716299633808376
XO3XOXX8O,-1.0
XOOXXX78O,-1.0
XO3456XXO,0.09265047968660672
1XXO5X7O9,-0.9765605926222634
XXXO5X7OO,-0.9999999981373549
OXXX56OOX,0.47724914550747055
XO3OXX7OX,-1.0
XO3XX6OOX,-1.0
XOX4OO7XX,0.9531249997596456
XO34X6OX9,-0.8801727102433732
12XXOX7O9,0.749384823720888
X2O4O6OXX,1.0
1XOOOXX8X,0.43957519522518784
X2345XOXO,-0.5730144055766917
XO3X5XOXO,0.45275807362600057
O23XXX7O9,-1.0
XOX4O6XXO,-0.5401005773312022
X2X4XOOOX,-1.0
1X3OX67OX,-0.7922798704124845
12XXOXOXO,0.7186889647200578
O2XX5OOXX,0.5
1XXOX6OOX,-0.4844379425048828
12XOXXOOX,-1.0
OXXO5X7OX,-0.999755859375
X2XO5XOOX,-0.9999847412109375
1XXOOX7XO,-0.0468750001164171
OXXOOX7XO,1.0
12XXOO78X,0.2113535780491693
XX3OOXXO9,0.3138446807861328
O23XX67XO,-0.699824308976531
OO3XX6XXO,0.9570159912109375
OOOXX6XXO,1.0
X2O456XXO,-0.12500335562526899
1O34XXOX9,-0.7797976483717448
XOO4XXOX9,-0.999999999992724
12XOO6XX9,0.05664060022461548
12XOOOXX9,1.0
12O45XXXO,0.1651747928987236
O23XO67XX,0.46256487846137806
O23XOOXXX,-1.0
OOOX56X8X,1.0
XO3XXO7OX,-1.0
XO3OO6XXX,-1.0
1XO4OX7X9,0.25181142890435293
1XOXOX7XO,0.9999999999999432
XO34XXOXO,0.4881891608236435
OO3XXX7XO,-0.9999999999998863
1OX4X67XO,-0.03431088480701816
1X3X5OOX9,0.4857181372855872
1X3XXOOXO,-1.0
1OXXXO7XO,-0.7773666417634082
X2XOOXO8X,-1.0
O23X5X7XO,0.8378906231373549
O23XOX7XO,1.0
1XXOO6OXX,0.9999999925494194
OXXOO6OXX,1.0
X23XO67XO,-0.40386211965718416
O23X5O7XX,0.2526010722094665
OO3X5OXXX,-0.9999995231628418
12XXOOOXX,0.5
XXOOX6789,-0.06470075095075867
OX34OXX89,0.6855265020464243
OXO4OXX8X,0.11913776397705073
O2XOXX7XO,-0.003936767578125
O2XOXXOXO,1.0
X23XOXOXO,0.7343692779468256
1O345X7X9,0.5549741824463359
OOX45X7X9,-0.51947021484375
OOXO5X7XX,-0.9999923706054688
1XXOOO7X9,1.0
OX34OX7X9,0.9960935076741642
OX34OXOXX,0.9999999999999998
OXO4OXOXX,1.0
XOOX56XXO,-0.9999999995343387
OX3OOX7XX,-4.842877388000488e-07
OX3OOXOXX,0.9999999999999999
O234XX7OX,0.3308994194190956
O23XXXOOX,-1.0
X2X45O7XO,-0.9707074219841294
XXX45OOXO,-0.9999990463256836
1X345OOXX,-0.10742350490261293
1X3OXOOXX,-0.9999999403953552
O2XX5OXXO,-0.375244140625
O2XXOOXXO,1.0
OX34XOXXO,-1.0
OXOX56OXX,-0.3750002384185791
OXOXO6OXX,1.0
O2OX5XOXX,0.9999999999999858
OOOX5XOXX,0.9999999701976776
1XX4XOXOO,-1.0
1X34OX7XO,0.9667695689117556
OX34OX7XO,1.0
XXOOO6XX9,0.997793674338025
1O3XXOOXX,0.4468536375192347
XOX45X78O,-0.2469863155986856
XXOOXO78X,-0.9999999999999996
XXOOXO7X9,-0.999999999992724
XXOOX6OX9,-0.9999999999999982
XXOO5X789,0.4975181603421097
XXOO5XOX9,0.3046875
XXOOOXOX9,0.9999999999997726
XOO4OX7XX,0.99951171875
XOO4OXOXX,1.0
12OXOXO8X,1.0
1XXOOX789,0.21865844912645116
1XXOOXO8X,-1.0
1XO4OXX89,-0.03201644783732227
1XOXOXXO9,-0.578353894612065
XXX4OXOO9,-1.0
O23X5X789,0.8505456233666
1XO45XOX9,0.6152343749272404
1XO4OXOX9,1.0
1OXOXX7XO,0.49981653410395666
OX3XO6X89,0.8648680066193799
OX3XO6X8O,1.0
1X3OOX78X,-0.17518199603489656
O234OXX8X,-0.9079007804979222
OOX4OXX8X,-1.0
O2XXO6OXX,0.4995879679918232
X2X4OXO89,-0.8981208215803824
XOX4OXOX9,-0.261747807308672
1XOXO6XOX,0.49908424909510174
X23XO6OX9,0.8747458257086412
X234OOX8X,-0.09399420442173767
XOX4OOX8X,0.9999999999999716
XOX4OOXOX,0.9999999999999929
OXO45XX89,0.11144474367679913
123X5OXXO,0.9133920669555664
12OX5OXXO,0.9999999999997726
XX3O56XO9,0.10136003743168912
XXXO56XOO,-1.0
X23X567O9,0.13242711317028122
X23X56OOX,-0.46212581188675017
O2XOX6XXO,-1.0
X2XOOOXOX,1.0
X2O4X6XO9,-0.8952370744241305
XOOXX6XO9,-1.0
X2OX5XOOX,0.21875
XOXX5OO8X,0.218747116625309
XO3OXXXO9,-0.99951171875
XOXOX6XO9,-1.0
XO3OX67X9,-0.8361568211613017
X2X456OXO,0.252887725684559
XOXX56OXO,0.5
XO34OX7OX,1.0
XOOX567X9,-0.9924192205071449
XOOX5XOX9,0.93359375
XOOXOXOX9,1.0
X234X6XOO,-0.91478032825691
O2OXOXOXX,1.0
O2X456OXX,0.687671418962803
X23XOXO89,0.9985338439861944
X2OO5XOXX,-0.6875
XXO4O678X,0.6749114759254036
X2OOOXX8X,-0.3466855213046074
XXO4O67X9,0.9999713890857713
XO34OOXXX,-1.0
XXO4OXO89,1.0
X2XXOXOOO,1.0
X2OOX6X89,0.49421619996330884
X23XOO7X9,-0.018970938730278164
XX3XOO7XO,-0.0009765625
XXOXOO7XO,0.9999999999999929
12XO5OX8X,0.413818359375
12XOOOX8X,1.0
XOOOX6X8X,-1.0
1XXOO6X89,0.7499384712097559
1OXXOOXOX,1.0
OXX4O678X,0.497651977906848
OXX4OOX8X,0.9335927944612052
X23OOXOXX,-0.626953125
X2OOOXOXX,1.0
XX3OO67X9,0.9257800200716132
XXXOO6OX9,-0.9999999999999858
XX34OO7X9,0.9970696567288542
123O5XXXO,0.6997456280300485
O2XO5XXXO,0.4920654296875
O2XOOXXXO,1.0
123X5XOXO,0.6816177293367183
1X3XOXOXO,0.9999999999999996
12X4OXOX9,0.49542536048514707
O2OOX6XXX,-1.0
12XOXOXXO,-1.0
X2345OXOX,-0.6835862250447917
XOOX5XXO9,-0.9999999962747097
1O34X6XXO,0.6649510204275202
XOO4X6XXO,1.0
O2OO5XXXX,-0.9999999998835847
12OX5XXO9,-0.9453124850988388
12XXOOXXO,-0.7675876617431641
OX3XO6XOX,0.5
OX34O6XX9,0.851401165025182
1XX4O6OX9,-0.0001202591929522212
OXX4OXOX9,0.9999999999999964
OXO4OXXX9,-0.8203129768371591
OXXXO6O8X,0.452420472738595
XX3XO67O9,-0.9882589579792908
XXXXOO7O9,-1.0
1XO4OXO8X,1.0
1XX4OXO89,0.1054611790460721
X2OXX678O,0.6533145866123853
X2OXXO78O,1.0
OXX4X6O89,0.86596225946684
OX3XXXOO9,-0.9999999999999999
OX3OXO7XX,-0.9999999999999432
XOOXX6X8O,-1.0
OX3XO678X,0.45041248568504594
XX34XO7O9,-0.22863948345160112
123XXOXO9,-0.5593330903902762
1OXXXOXO9,-1.0
1O3X5OX8X,-0.7862548828125
OXXXXOO89,0.21851896121995584
O2XOXX7OX,-1.0
O234XXO8X,-0.37506343540735587
O2O4XXOXX,0.9998779296875
OOO4XXOXX,0.9999999999999999
XXXO5OO8X,-0.9999999999999432
1X34XOO8X,-0.4951171875
1X3XXOOOX,-0.40234375559341373
123X5OXOX,0.09387214475737499
O23XXOXOX,0.16455069184289944
X23XXOOOX,-1.0
O2OXX6OXX,0.0732420681742525
12O4XOX8X,-0.9999999931872035
XOO4X67X9,-0.08258521191176177
XX3XOO789,-0.9872169645906013
XX3XOOXO9,-1.0
1X34OO7XX,0.17797592832331244
XXXXO6O8O,-1.0
XOO45X7X9,-0.4567405180008709
XOOO5X7XX,-0.99951171875
OXOXO6XXO,1.0
XOO4XO7XX,-1.0
X2O4OXX89,0.45516625799730287
X2X4OO78X,0.7493860656395517
X2XXO6XOO,-1.0
O2X4XO7X9,-0.387839499628172
12X4OOX8X,-0.048581445480648855
1XX4OOXOX,0.5624847407448212
1OXXO67X9,0.1257663372737494
1OXXOOXX9,-1.0
XOXXO6OX9,0.5
1XXXOO789,0.23289293394851218
OXXXOO78X,0.5
1OXXOXOX9,-0.3206787113795144
1XXXO678O,-0.5314942635595798
OXXXO678O,1.0
XXO4XX7OO,0.6872558591421551
OXXXO6XOO,1.0
OXXXOOX89,0.8627929500907994
OXXXOOX8O,1.0
1OX4XXOOX,-1.0
OOX4567XX,-0.3021383604500443
OOX45XOXX,-0.9999997615814209
XOX4567XO,0.12328281601170737
1OOOXX7XX,-0.6640930180437863
OOOOXX7XX,1.0
1XX45XO8O,0.9995536766943989
OXXX5XO8O,0.9999999962747097
XOXOX6OX9,-0.8008728041320411
12X4OOXX9,0.5873622073039377
OOXXO6XXO,1.0
XOX4OXO8X,-1.0
12XOO6X8X,-0.015747615150762173
X2XXOOX8O,-1.0
XXOX5O789,0.6638171598315239
O2OXX678X,0.8038495163680844
1XOXX678O,-0.001993417739868164
X2O4XOOXX,-0.9999999999999964
OOXXO6XX9,0.4677734375
1XO45X789,0.6259780668224415
OXOX5X789,-0.5528898239149839
XXO4OX7XO,0.7499732970309196
12XXOOXOX,0.9369811929026319
XO3XOX789,-0.06290149830782676
X2O4X67XO,0.9740571350959611
X2O4XO7XO,1.0
X2XXO6O89,0.5147853228459134
XO3XXO7XO,0.5624980851989676
1XX4OOOXX,0.6015624990686774
1XXOOOOXX,1.0
XO34O6XX9,-0.6447940743044145
X2OX567XO,0.49956915371876676
X2OX5O7XO,0.9999999998835847
OXXOO6X8X,-0.15640367567539215
OXXOOOX8X,1.0
X23OO67XX,0.08884411491259464
XX3OOX789,0.46184096701230043
1X3XXO7O9,-0.11389958097680106
XXOXXO7O9,-0.0938720703125
XXOXXO7OO,1.0
12XOXX78O,0.5031373689845363
1XXOXXO8O,1.0
1XXOXXOOO,1.0
X23OXXO89,-0.25168961545895996
X2XOXXO8O,0.9470214247693818
12XOXXOXO,0.919768333404988
OOXXOX7X9,0.93701171875
O234OX7XX,-0.3795000090613101
OO34OXXXX,-1.0
XO3OOXX8X,0.4433592557904831
OO3X5X78X,0.375
OOOX5X78X,0.9999999999999432
X2OXOOXX9,-1.0
XOXXOX78O,0.6874675749166953
12XXOO7X9,-0.5872899915828305
1XOXO67X9,0.1249703755563587
X2XXOOXO9,-1.0
OOXX56X89,-0.13294329069321975
OOXX5XXO9,0.6875
OOXXOXXO9,0.9999999998835847
1OXXOX7XO,0.8171226941049099
12XX56XOO,-0.985595703125
1X3O5X789,-0.02409982196457533
1X3OXXO89,0.9998779293946178
XX3OXXOO9,0.36713600158691406
123XXO7OX,0.15598655964041935
1OX45X7OX,-1.0
123OXXX8O,-0.4874001269336561
X23O5X7OX,-0.6128616183996201
O2XXO6XOX,0.9872875202449904
O23O5XXX9,-0.9999999999599822
O23OXXXXO,-1.0
O2XXO6X89,0.963797678787831
X2OXOXX8O,-1.0
X2O4X6X8O,0.46180606771434185
XOXOOXX89,0.6249542236272934
1X34OXOX9,0.9764976464211941
1X3OOXOXX,0.984375
XXO45OX8O,0.999999999992724
1XOO5X78X,0.45639157294681354
1XOOXXO8X,-0.781494140625
XX3XOO7OX,-1.0
1X345OXOX,0.3054087217623608
OXOXO6X8X,0.482879638671875
1X3XOX78O,0.9999347617849348
OX3XOX78O,1.0
OX3XOX789,0.9465247911548866
XXXOXOO89,-1.0
OXXXO6789,0.6938982870693691
O2XXOX789,0.9170388504816066
X2XOOX7OX,-1.0
OXXOXX78O,-0.9531574249267578
OXXOXXO8O,1.0
XOXOX6X8O,-1.0
OX3XX6OXO,-0.9999998807907104
O23XOXX8O,1.0
1XOOO6XXX,-1.0
12XOOXXXO,0.9999999999981765
X2OOO6XXX,-1.0
1XOXOOX8X,-1.0
X23OOX78X,-0.4545963378722453
O2XOX6O8X,1.0
XX3XO6OOX,0.31207275390625
XXO4OOX8X,0.8592528104782104
1XX45OXO9,-0.9531249925494194
XXX45OXOO,-0.9999999962747097
12X4XOOX9,-0.2692261555643716
1OX4XOOXX,0.3586404323576162
1XO45XO8X,0.9999947538599372
OXOXXOX89,0.664062261573207
X2OXXX7OO,-1.0
XOOOXX7X9,-0.43750000000546235
X23XXO78O,0.39672536092506566
O2XXOXXO9,0.9999999990686774
X2XOX678O,-0.17806379037694953
XOXOXX78O,-0.039062880503564656
12O4X6XOX,0.30634171754970096
1OO4XXXOX,-0.5000078678131104
OOO4XXXOX,1.0
XO3O5XOXX,-0.9999999990686774
XOX4X67O9,-0.6657867438625544
XOX4X6XOO,-1.0
XO34OXXO9,1.0
XXOXX67OO,1.0
OXO4567XX,-0.2822006382184554
OXOXOXX89,0.92431531799593
OX3XXO789,-0.4925910370021396
1XO4XXO89,-0.8088072662321792
OXO4XX789,-0.10549292544283106
OX3XOXXO9,0.5507812481367154
XXOXO67OX,0.7470703050475933
OXX45OXOX,-0.06343841644411441
O23X5OXX9,-0.8050427436828613
OX3X5OXXO,0.9999980926513672
XXOO5X7OX,0.44720458984375
O23X5XX8O,0.8435668926686049
OX3X5XXOO,0.654296875
X2OO56X8X,-0.9135767241533728
XOOO56XXX,-0.9999990463256836
X2XO5XO89,-0.564812995493412
X2XO56O8X,-0.8128167274117004
XXXO56OOX,-0.9999999990686774
XO34OXOXX,0.24987789135587946
XOOXXO78X,-1.0
1XOXX6O89,-0.966857485473156
1X3XX67OO,0.5053501128859279
1X3XX6OOO,1.0
XOX45OX89,-0.9980468899011603
XOX4XOXO9,-1.0
XXOOOX7X9,0.5449217259883312
X2O4OXXOX,0.9608001708979828
12O4XXX8O,-0.501684736734177
XXX4XOO8O,-1.0
XO34O6X8X,0.41244504598851206
O23OXOXXX,-1.0
12OXOXX89,0.7665356918110229
XXO4OXXO9,0.4523676529643126
OX3X5OX89,0.7796276197413187
XOXXOXO89,0.7812492027859146
XOXXOXOO9,1.0
XX3X56O8O,0.4372546663507819
XX3X56OOO,0.9999999995343387
123XX6OXO,-0.3798863888616923
1XOXX6OXO,-0.9999999995343387
1O3XXOXXO,0.9921836853027344
1XO4XXXOO,-0.7304730415344665
X2XXO6OOX,0.7140805274248123
OXXOO6XXO,0.9999999403953552
1X34O6OXX,0.9082031053694645
1X3XO67OX,0.4366547679741733
1234XO7X9,-0.4500106459263726
OXXXO6OX9,0.6249904632568075
X2XO5OOXX,-0.314453125
XXO456XO9,-0.26342944038619787
XXO4OOXX9,0.9999995231628418
XXO45O78X,-0.9838627878925763
12X4X6OXO,-0.21578026094037728
12O4X6XXO,0.374938942171866
X2O4OX78X,0.9994432628099403
X2X4X67OO,0.4038073420524597
12OOXX78X,-0.5898826225884568
O2OOXXX8X,0.6010732501736129
OOOOXXX8X,1.0
X2OOXX7XO,0.4991760252146378
OOX4XX7XO,-0.999999999998181
XOOOXXX89,0.12499427786656625
XOOOXX78X,-1.0
X23OX67XO,0.35805820343697514
XXXOXOOXO,-1.0
XO3XXO789,-0.8120674918163786
1OXXX67O9,-0.9999957084655762
1XOXX67O9,-0.24893981826319156
1XOXXO7OX,0.31231403193669394
1XOXXO789,0.21435588200971778
OXX456X8O,0.49803066067397594
O23X5XO8X,0.15625000841098569
12O4XXXO9,0.08783150776575271
O23XXXOXO,-0.9999961853027344
1XO4X6XO9,-0.168552443667149
1XO4XOXOX,-0.8580024245027718
OOX4X67X9,0.7463039127437544
OOXXX6OX9,-0.34411692689172985
XX3OXO7OX,-0.9999999999417923
O23XXO78X,0.43603416782316534
OOXXXO78X,0.23010154438745895
1O3XOXXO9,1.0
O2X4XXO89,0.8709441060200327
1X34OOX8X,0.005851724159066651
X2OOXXOX9,-1.0
O2XXXO789,0.49728895572443577
OX3OXXO89,1.0
OX3OX6O8X,1.0
1X3X56XOO,-0.1681517809629831
OX3XX6XOO,-0.9999999999990905
OX345X7OX,-0.25840563930239674
XX34O6X8O,-0.5815835210117257
XX3XOOX8O,-1.0
OXXX567O9,-0.17227411731450237
OXXX56XOO,0.46875
XX3O567OX,0.058814050629734826
1XX456XOO,-0.94140625
1XXX56OO9,-0.05029297631699592
OXOX5678X,0.35869691952644567
O2OX5X7X9,0.9960937490682227
O2OXOX7XX,0.9999999999417923
OOOXOX7XX,0.9999999997671694
OX3XXO7OX,0.5
OXX456XO9,-0.703765618332258
XXOX56XOO,-0.9999999999999982
O23OXXO8X,1.0
OXXOO67XX,0.99993896484375
OX3O56XX9,-0.6894531247671694
O23X5XOX9,-0.41274576232547877
O23XOXOXX,-0.06448366120457649
12O4XXOX9,-0.7470450400942354
1XOOOX7XX,-0.7832641631912338
OX3XOO7XX,0.22871779273282278
1XXOXX7OO,0.9373779220040888
OX3X5O78X,0.4999958521794346
O2O4X6X8X,0.07744774021509304
OOO4X6X8X,1.0
X234XXOO9,-0.57080078125
OXO4XOX8X,0.4999084463343024
O2XXX67O9,-0.6513750543817878
OX3XX678O,-0.9990348740246873
OX3XXXO8O,-0.9999999990686774
XXOOOOXX9,1.0
OX3X5XOOX,-0.9999999962747097
O2XXXOO8X,0.5
X2OXO678X,-0.09083606400328481
OOXOXXX89,-1.0
O2X4X6X8O,-1.0
OX3OXOXX9,-0.9999999997671694
1XX4X6OO9,0.22820556163423333
XOXO5X7OX,-0.9999999701976776
OX3OXX7OX,0.726409792841423
OX3X5XO89,0.7380274281974835
OXX4OOXXO,0.9999999403953552
X2X4XOO89,-0.9453301669750545
1XO4OXXXO,0.8437490460923556
O23XX6O8X,0.4271774490615206
OX3XXOO8X,0.4875708165633128
OOXXX67XO,-0.9999999850988388
1XXXXOO8O,-0.18774414810468443
O2XOXXXO9,-1.0
O23OXX78X,0.9042908549125732
1X34XXO8O,0.3739454724127427
OX3O5XXXO,0.625
XO3XXOXO9,-1.0
1XO45OX8X,-0.7721852670028866
OXO45OXXX,-0.99993896484375
OX3OX678X,0.3551961029856813
1OXXXOOX9,0.5
OO3XXXO8X,-1.0
XX3OX6OXO,-1.0
OX3OXX7XO,-0.9999999999854481
1XXOXO7XO,-0.99993896484375
XX34X67OO,0.9363704915158237
O2XOXOX8X,-1.0
OXOXXO7X9,-0.9999999999999432
O2O4XOXXX,-1.0
12XOOX7X9,0.2142606182861534
OXX4X6OXO,-1.0
12XXX6OO9,0.5370505257286737
OOXOX6XX9,-1.0
1X3X56OXO,-0.37529598701894606
XX3XO6OXO,0.4999980926513672
OXOX5O7XX,-0.9999999999997726
OXX4XXO8O,0.9999980926513672
XOOX5XO8X,0.875
XOOXOXO8X,0.9999999995343387
OOX4XX789,-0.99993896484375
X2OOXO7XX,-0.999755859375
XO3X5O7X9,-0.7298889161320403
XO3X5OXXO,-0.9999999403953552
XXXO5OX8O,-0.9999999999995453
XXOOOX78X,0.867156982421875
X2OXX6OXO,0.18359369039535522
O23X5OX8X,-0.4312669174337644
XX3O5XOXO,-0.9999999990686774
123X5OOXX,0.5964013783574342
X2X4O6O8X,-0.060495935545288815
1XXXO6OOX,-1.0
12XXXOO89,0.30499282866720595
12XOOXXOX,-1.0
OXXOO6XX9,0.9999999999990905
XO3O5XXOX,0.8935546875
XXXOO6O8X,-1.0
OX3X5OOXX,0.406249886833308
OXOO56XXX,-0.9999999962747097
OXOXO67XX,0.06249996973008365
OXXX5OX8O,-0.515625
X2345XXOO,-0.8530347887060651
X2OX5XXOO,-0.9999923706054688
12X45X78O,-0.19548943794312845
1O3XOX7X9,0.17446591207358608
XOOXOX78X,0.9999999995343387
1XXOXO789,-0.9710006713867188
XXXOXO7O9,-1.0
123XXO7XO,0.30933372857569724
X2XOXX7OO,-0.4376220703125
OXOO5X7XX,0.3125
1OXOOX7XX,-0.9999999999999858
XOXOO6X8X,0.9999999999999964
O2345XOXX,0.6860045189965182
O2X4X67XO,-0.9993901997800094
12OOXXOXX,0.4443359375
O2OOXXOXX,1.0
OOX4X6XOX,-1.0
XOXX56OOX,0.656158447265625
1XXXOXO8O,1.0
OXO456X8X,-0.3205556872999296
1OXX567XO,-0.8126527206232715
123XOOX8X,-0.5240860435959827
1O3XO6X8X,0.06194943183005763
1O3O5XXX9,0.4211425749816977
OOXO5XXX9,-0.99609375
OOXOOXXXX,-0.999755859375
XOXO56OXX,-0.9999999999854481
12OX5OX8X,-0.6220779381692267
1O3OXX78X,-0.007202021762847011
1X3XXOXOO,-0.98834228515625
1X3XOO7X9,0.6251952490175966
1XOXOO7XX,0.9296875
X23XOX78O,0.8435723351318561
X23XOXXOO,-1.0
12XXO6X8O,-0.4492187503638414
12OXX6OX9,0.32784771899241605
1XX4OOX89,0.4828910192584873
1X3O5678X,0.3463326076278896
XOO4XXO8X,-0.9999999999999929
OXX45XO89,0.995605162344873
OXX4X6OOX,0.9686209856299541
OX345OX8X,0.303120334044203
OX3456OXX,0.49804687406856185
X2XXOXOO9,0.9999999403953552
XOXO56XXO,0.1249999999944999
O2XOX67X9,-0.392578125
X2X4XOOXO,0.48480224609289024
1OXXOXX8O,0.9999999701976776
1OOXOX7XX,0.9999923706054688
O234X6XOX,-0.596944712061007
OX345XOX9,0.9990231988303413
XO3XOO7XX,0.45302581787109375
1OXOXOX8X,-1.0
XOOX5678X,-0.6196353137493134
XX3XXOOO9,-0.625244140625
OO3XXX7OX,-1.0
OXOXX67XO,-0.9999999990686774
X2OXXOXO9,-1.0
O23XXXXOO,-0.9999999999999858
OX345XO8X,-0.015655532944947925
O234XXOX9,0.6075110878945225
OX34XXOXO,-0.9999999997671694
123XOXX8O,0.49963086656816447
1O3XXOX89,-0.48578083515167236
XO34X6X8O,-0.9999955005195333
1OXXOO7XX,-0.5752496720683693
XOO4X6XOX,-1.0
XXOOXX78O,0.32415008544640234
1O3XO6XX9,-0.96972653263947
XO3XO678X,0.7287710011005348
X2X4O67OX,0.3385925828479207
1XO4XXOXO,-0.9999999962747097
OXOXOX7XO,0.9999999999995453
XXO4XO789,0.8416595458984375
1XOX56X8O,0.33592458834755223
1XOX5OX8O,0.9999999981373549
1XX4X6O8O,0.8112436532887273
1XOX5X78O,-0.32049090231930677
OO3XOXX8X,0.9999990463256836
XOX4OOXX9,-0.14062505966342098
X23OXX78O,0.1752943569377459
X23OXXXOO,-0.37049055099488376
OXO45X7X9,-0.021545853660480674
OXO4OX7XX,0.8436278626322746
OXXOXO78X,0.3124990458600223
1X3X5X7OO,0.638671875
O2OXXXO8X,-1.0
XXOXX6O8O,0.9999961853027344
1XOXO678X,0.8934317820810378
X2OO5X78X,-0.8092740056356864
OOXXX6X8O,-0.999999999998181
1OXXXXO8O,-1.0
12XO5X7XO,0.6554105134918822
O23OX6X8X,-0.9507867631865765
O23OXXXOX,-0.3466796949505806
OO3XXXXO9,-0.9999999997671694
O2XO5X7X9,0.96087646484375
O2O4X6XX9,0.968749045393224
123OXX7OX,0.31175480014839896
1X3XO6OX9,0.9999840329317539
1OOXXXOX9,-0.999999999992724
OXX45OOXX,0.654266357421875
XXO4XOXO9,0.8749847412109375
X2XO5X78O,-0.5340614004411333
XOXO5X7XO,0.5
12OXOXXXO,0.8124999403953552
12XOXO78X,-0.32067767530679336
X2XOXO7OX,-1.0
12OXX6X8O,0.34228419884667005
O2345XXOX,0.4562208364738773
O2XO5XXOX,-0.9999999999999858
XOO4XOX8X,-1.0
X2OX5X78O,-0.8904724192862545
X23O5X7XO,0.49177706653811554
OOXOX6X8X,-1.0
1X3X5678O,0.27344896801746027
12O4XX7XO,-0.9999980783904903
1XOXX6XOO,-0.0004882812500390799
XOX4XXO8O,0.9921836815701681
O23XO6XX9,0.741943356457333
XOXXOO78X,0.5898303985595693
1XX4OXXOO,0.3743896484375
X234XO7XO,0.4320937573973868
X2XXXO7OO,0.5935056209564209
OO3XXOX8X,-1.52587890625e-05
XO3OXOX8X,-1.0
12X4XX7OO,0.09310872375499457
12OXOX7X9,0.9999007720030018
XX3OXXO8O,0.7498469352571782
OXXO5X789,0.5621251612901688
X2O4XXO89,-0.24234718084335327
X2X45OX8O,-0.9999651908874512
OOOX5X7X9,0.9999999997671694
12XX5OO8X,0.49350489671748626
1O3X5XO8X,-0.541015625
1OXX5XOOX,-0.999969482421875
X2OX5XO89,0.9330748915672302
XX34OOXXO,0.9999999925494194
1O3XO67XX,-0.21330401908681595
X234OOXX9,-0.8750015502524496
X2O45XXO9,0.34651154145247154
X2OO5XXOX,-0.8125
12XOXXO89,0.3728631436470844
1XXX5OOXO,-0.9999997615814209
1XXO5XXOO,-0.9999997615814209
12XOXOXOX,-1.0
1X3X5OX8O,-0.6097412109375
X23X5XO8O,0.3554257143741759
OX3XOXO8X,0.2180175632238388
XX3XOOOX9,0.3749923554714769
XOXOXO78X,-1.0
X2O45XX8O,-0.617809922453944
XO3X5OXOX,-0.9999999925494194
12345XO8X,-0.837204447268725
1OO4XXOXX,0.10888290405273438
XO3XOX7XO,0.49980545042537106
X2X4OX7O9,0.35302510749169125
1O3X5XX8O,-0.875
XOXXX67OO,-0.78173828125
XOX45O7X9,-0.31786344511855763
XOX45XO89,0.31645617272587123
12XX5O7XO,-0.925188854980179
1XX456OXO,-0.26559460535645485
XOOXO6X8X,-1.0
O234567XX,0.23604959307169981
1O3X5X7XO,0.1610870319418325
X2O4XXXOO,0.3295044898327433
1XOXOXX8O,0.46483802795410156
1O34OXXX9,0.45074709582332495
OO345XX8X,0.9682579040527344
OOXXX6XO9,-0.9999999999999929
OXXOXO7X9,-0.9999999999998863
OXX456OX9,-0.17192077776417136
O2XX56O8X,0.47718958239586484
1XOXXOO8X,-0.9999999998835847
OOXXXX7O9,-0.9999999998835847
O2OX5XX89,0.6755370004096832
OOOX5XX89,0.9999999999999858
1OOXX678X,-0.7279205322265625
OO3XX6OXX,0.6879195719956995
OX3X5O7X9,-0.5491506798382846
1O3XXO7X9,0.9487467346858875
XX34X6OO9,0.9959633494363511
OO3X56XX9,-0.2129250019788742
O2OOXX7XX,1.0
1O34X6XOX,-0.984466798603762
1XXOO6XXO,0.9999990463256836
12XO56XXO,0.654136043813579
XXO4XOO8X,-1.0
OXXO56X89,0.24181448751915013
O2O4XXXOX,0.7890620138168742
X23O5OXX9,0.9951171875
X2OOX6XXO,0.7809903620491241
X234XXO8O,-1.911167268997538e-06
1XXOX67O9,-0.1840864645782858
X2O45XO8X,0.7486572265625
X2OXXXOO9,-1.0
XOXX5O7XO,-0.426025390625
12XX5O7OX,-0.2114036762449671
OXXXXO78O,-0.9999999999998863
XO345XXO9,0.3281250298023224
X2O45O7XX,-0.2275390625
1X3XOOXXO,0.998046875
1OO4XOXXX,-1.0
XO3OXXOX9,-0.13871765154760884
1XXXOOX8O,-0.50048828125
OX3O5X78X,0.9841307390015568
XO34XX78O,0.36425353841187674
OXXX5X7OO,0.9999847412109375
X2O4XO7X9,0.73388671875
O2O4X67XX,-0.5139274635148685
XO34XXOOX,-0.99609375
1X3OXX78O,0.5676137813925571
1X3OXXXOO,-0.27366924285888683
XOO4XXXO9,-0.9999999925494194
OOXXXO7X9,0.3474702834809307
XXOXOO78X,0.004852294921875
O23OOXXXX,-0.9999998807907104
XOOXXX7O9,-0.9999999850988388
1OO4XX7X9,0.4644899356634439
12X4XO7OX,-0.9999418548047174
X2X45X7OO,-0.45570592366857454
XOXX5O789,-0.15900789930298448
OOXX5678X,-0.6221103561164725
XX3OO6OXX,0.9999999999708962
XX3OOOOXX,0.9999999981373549
1O3OXXXOX,-0.9999990463256836
XO34XOX89,-0.99798583984375
XXOX5XO8O,0.9999999998835847
XXOX5XOOO,0.9999999995343387
OX3X56X8O,-0.0019531249708961695
XXO45X7O9,0.589964893087255
OO34XXOXX,1.0
O2O4XXXXO,0.8749980926513672
XOO4XXX8O,0.4705686561555922
1O34OX7XX,-0.9609985561847054
1OOXX6X89,-0.2053225189447403
O23X56XXO,0.9999835439957678
OOXXX6O8X,0.42435222829224983
1O3OXXX89,-0.30227339337511916
OX3X56XO9,-0.21471953995153503
XOO4OXX8X,0.6718749850988388
1O3XOOXXX,-0.9999999999999996
12X45OXXO,-0.5325628488668883
1XOOXO7XX,-0.9999990463256836
1O3OXX7X9,0.4981183694217398
OXOOX6X8X,-0.221069425373571
XOOX5X7XO,-0.9999999962747097
O23X5XXO9,-0.5281780703820751
OOXXO6X8X,0.8124837800860405
XO3O567XX,-0.973388671875
XX345OO8X,-0.992156982421875
OXXXOO7X9,0.8896407410429674
XOXO5678X,-0.941393762797816
OX3XOXOX9,0.9999999999999996
1OO45X7XX,0.5428616998251528
XOOOX6XX9,0.3593597412109375
1O3XX6O8X,-0.23756350717870944
XOXOXX7O9,-0.9999923706054688
1O34XXO8X,-0.8593807220458984
X2XOX6OXO,0.4924865961065734
XOO4XX789,-0.2728212936891792
1XOOX678X,-0.6884481225529272
12OXO67XX,0.7736263871192932
XX3XOXO8O,0.9999999999999991
XX3XOXOOO,0.9999999999998863
X2OO56XX9,0.5444676189931111
1O34XOXX9,-0.9178887028101599
123XX6XOO,-0.9998178333039505
XX345OXO9,-0.9999955892562866
XXXO5OXO9,-0.9999999701976776
OXX45X7O9,0.87127685546875
O2XXOXXOO,0.9999999998835847
X2XO5XOXO,-0.7070770561695099
1OXOXXOX9,0.6952512226926046
O23XX67OX,0.06793353333503344
123OXXXO9,-0.46400216328200145
1OOXOXX8X,0.99951171875
1XXOXO7OX,-0.9999961853027344
O2OXXOXX9,1.0
X23O5XXO9,0.10580198116293899
X23OXOXXO,-0.9063119888305664
123XXOX8O,0.6984003686784488
XOXX5OOX9,0.4999999990686774
1OOOXXXX9,0.9997558295726776
1XX45X7OO,0.6512450982554583
12XX5X7OO,-0.0004887580871582031
1XOO5X7X9,0.5163121024633028
OXXX5OOX9,0.14550495141884312
1X34OOXX9,-0.5156413411042706
OXOO5XOXX,0.9999999981373549
1O3OXOXXX,-1.0
OXO4XX7XO,-0.9999999999708962
OO3XXO7XX,0.9277265070486465
OX3X5X78O,-0.2890701312571764
XX3XOX7OO,0.937255859375
XO345X7OX,0.60546875
1OO4XX78X,0.2255260944366455
XXOXOX7O9,-0.2502441410913434
O2OXX67X9,-0.0234832763671875
1OX4O67XX,-0.5449834711832993
X2X4OOXOX,0.9999999999999982
X2XOXOOX9,-0.9999999981373549
XO345X7XO,-0.2646486814295755
1XXX5OO89,0.3714060473728013
XXOOXXO89,-0.9999999701976776
XXOX5OOX9,0.9999847412109375
OXO4XXO8X,0.4999990463256836
OXOXX6OX9,-0.9999999962747097
1OX456XOX,0.3940267562866211
1OOOXXX8X,-0.14849871769547462
1OXO5OXXX,-0.9999997615814209
OO34XXXOX,0.59326171875
1O3XOXOXX,-0.6259765699542186
X2XO5O7X9,-0.7077178857289255
O2XXX6OOX,0.48085403299774043
123OXOXX9,-0.77734375
XOXXXO78O,-0.12411499116569757
1OO4X6XX9,0.9843739229233961
OX3OXOX8X,-0.99993896484375
123XX6OOX,-0.25224715119388474
1XO4XOX89,0.6636793445131559
123OXXOX9,0.5951801899280351
1O34XXXO9,-0.8633118271827698
1X3X5XO8O,0.9920634549505386
1X3XOX7O9,0.8238870492277677
OOXOX67XX,0.9838845729827881
1OO4X6X8X,-0.38881731033325195
O2X4OX7X9,0.494110107421875
1XXOOXOX9,-0.07033538818359375
123OXOX8X,-0.99853515625
1OXX5O78X,0.18451341578860841
1OXOX678X,-0.99993896484375
XXOOO67XX,0.9999999403953552
1OOXXOXX9,0.9990234375
XO3X5XOOX,-0.634765625
X2O45X7OX,0.42721557430922785
O23O5XX8X,-0.49436571082358705
1X3OX6X8O,-0.7126015015383018
OO3X5XXXO,0.9999961853027344
X2XO5O78X,-0.515625
XOXO5O7XX,-0.01953125
1OX456OXX,-0.3521310015120202
XX3O5XO89,-0.8086317693852232
XXXO5XOO9,-0.99951171875
123OX6OXX,-0.3125152587890625
XX34XOO89,-0.902374267578125
X2X4OOXXO,0.20898437124560587
XX3OOXOX9,-0.625
XOXX5XO8O,0.9374847412109375
XOXX5XOOO,0.9999847412109375
O2XOOXXX9,0.498046875
XX3XXO7OO,0.99951171875
XXO4567XO,0.9998009204864431
XXO45O7XO,0.9999999998835847
12OX5XO8X,0.7480297088623047
1XOXOOXX9,0.9580078125
1XXO5OOXX,0.96875
12XX5OOX9,-0.02304806275943505
1OXX5XO89,-0.9366154671820368
1O3XXXOOX,-0.9999961853027344
O234XO7XX,-0.1005607705232422
O2OX5XXOX,0.7421874403953552
XXXX5OOO9,-0.9999847412109375
XXXX5O7OO,-0.9999961853027344
XX3OXOO8X,-0.998046875
OX3XXOX8O,-0.00390625
O2X45OXX9,-0.42102062702178955
1OXOX6OXX,0.9531211853027344
OX345OXX9,-0.2500038146972656
OXX45X78O,0.9999944546725601
1OX45O7XX,-0.020240072482621718
XX345O7XO,0.9843749925494194
1O3OX6X8X,-0.99609375
XXO456X8O,-0.0177608862035189
1O3OX67XX,-0.49195316433906555
XX34OXOOX,0.859375
X2OX5OOXX,-0.53125
OXOX5XXO9,-0.6250114440919677
12XXX67OO,-0.9103755950927734
XOX4567OX,-0.533447265625
1XX4XOOOX,-0.4609494209289551
1XX45O7XO,0.20672690868377686
1X3OXXOOX,0.7490234375
OO3O5XXXX,-0.9999997615814209
1O3XXOXOX,-0.9999990463256836
X234XOXO9,-0.9835204482078552
1OXXXO7OX,-0.9998779296875
X2OXX67O9,-0.9965753555297852
1XXXXOOO9,0.9814453049330041
X2345OXXO,0.8977961428463459
OXXO5OX8X,-0.390869140625
O234OXXX9,0.7145977020263636
X2XO5OXOX,0.609375
XOOX5OXX9,-0.999969482421875
X2XO567OX,-0.97265625
1XOX5OXOX,-0.695556640625
X2OXOX7OX,0.9999923706054688
12OXXOXOX,-0.62652587890625
1XXO56X8O,-0.1171875
OXX45O7X9,-0.14136034250270801
12OX5X7OX,0.8558597196788469
1X3XO6X8O,0.990234375
XX34XOXOO,-0.251953125
X234XOX8O,0.015429489314556122
1OXXX678O,-0.332763490733452
O2XX56XO9,-0.4197058585159699
1O3XX6XO9,-0.054202079772956324
1XOX56O8X,0.23437500002910383
XXOO5XXO9,0.5
1OOXX6XOX,0.52728271484375
1XXO56O8X,-0.4587402381002903
OOXO5XX8X,-0.9999847412109375
O23XXOXXO,-0.5123329162597656
X234XOOX9,-0.12412366089805049
1OXXX6XOO,-0.9998779296875
XOX45XXOO,-0.79736328125
XOOX5O7XX,-0.9998779296875
1X3O5X7XO,-0.1577574129738012
OXX45XOXO,0.9999997615814209
1O3X5O7XX,-0.513195687774485
OOX45XX89,-0.99609375
O2XX5XOXO,0.9951171875
OOX4OXXX9,-0.03125
1XXX5OXOO,-0.998046875
1OO4XXX89,-0.10159064084291458
XXOOX6X8O,0.8164062197320163
XOO4XOXX9,0.36712646484375
OXO45XOXX,0.9999999999417923
1O3X5XOX9,0.10542378975204375
O23X5X7OX,-0.4628906250000854
1XXXOX7OO,0.96875
XO345OXX9,0.0622558519244194
OXXO5X7XO,0.9999961853027344
1OXX5X78O,-0.20467972150083724
O2O45XXX9,0.35937279462814287
OOX45XXXO,-0.53125
12O45XOXX,0.9997234344482422
XO345XOX9,-0.24033704491529406
XO345XO8X,-0.9375
1XOO56XX9,0.369386672580731
1XOO5OXXX,-0.9921875
1OXOOXXX9,-0.34741973876953125
1O3X5X7OX,-0.59375
XXO456OX9,-0.1954355239868164
OO34XXX89,0.10888671875
OOX456X8X,-0.99609375
O2XX5XXOO,-0.125
X2OXO67X9,-0.04213337699184194
XX3O56OX9,-0.9978027343604481
X2XX5O7O9,-0.8067017123103195
XXO456O8X,0.78076171875
XOOXX6789,-0.99951171875
1OXO567XX,0.1837921142578125
12OOX67XX,-0.88671875
X2X45OOX9,-0.4642508110803192
1XXXO6XOO,-0.6328125
1X34XOX8O,0.044708251953125
1OOXXO7XX,-0.6876221895217896
1OOXOXXX9,-0.37890625
XX3X56OO9,0.859375
12OO5X7XX,0.669879674911499
OO345XXX9,-0.140625
XXOX5OOXO,0.9999961853027344
OX3X5X7O9,0.09161346821763403
OOX4XO7XX,-0.3130002021789551
X2OXOO7XX,0.8017578125
XX345X7OO,0.0546875
X2OX5O78X,-0.9999941736459732
OXX4XX7OO,0.4960784912109375
1OX45XX8O,0.916716514773708
12OX56OXX,0.9010918138665147
XX3O5O78X,0.2802734375
12OXX67XO,0.8744487762451172
12OX5XOX9,-0.8125
X2OX5O7X9,-0.78125
XOO45XOXX,-0.59375
12XOX67OX,-0.96875
XOOXX67OX,-0.999969482421875
O2XX567XO,0.08930206671357155
XOX4XXOO9,0.248046875
O2XOXO7XX,-0.32080078125
1XXO567XO,0.3312950134277344
1XOO567XX,-0.5352783263824676
1OXX56X8O,-0.7675933986902237
1X3OX6O8X,0.1874370574951172
OOXX5X789,-0.9375
OXXX5O7XO,-0.3125
1O3O5XX8X,-0.8833771049976882
1XO45O7XX,0.47265625000136424
1XXOXXOO9,0.999755859375
XOOX56OXX,-0.0791015625
1OOX5XX89,0.9375
XOOXXXOOX,-0.9921875
XO3X5X7O9,0.671875
X2OX5XOXO,0.5888671875
123X5XXOO,0.15624999999977263
X2XX567OO,-0.625
1XO45OXX9,0.4179685115814209
1XXO5OXOX,0.859375
1O3X56XOX,-0.7579336166381836
XXOO5OXX9,0.9990234375
XOXO5OXX9,-0.125
OX3X567XO,0.5625
OXXO5OXX9,-0.515625
XX3O5OOXX,0.625
XXOOXOOXX,-0.9375
1OXO5X7X9,-0.3989257812718284
OXXX5OXO9,-0.439453125
1OXX5XXOO,0.796875
OXXO5XX8O,0.875
1XOX5XOOX,0.75
OXX45OXXO,-0.203125
OXOX5XOX9,-0.1875
OXOXXXOXO,-0.96875
X23O5O7XX,-0.53125
OX345XX8O,0.77734375
OXOX5X7XO,0.25
OOXXXXXOO,-0.984375
1XXO5OXXO,-0.28125
1OOX567XX,0.4921875
XXOX5OO8X,0.359375
XOXX5XOO9,0.9375
XOX45OXOX,-0.478515625
1OOX5XXOX,0.5
XX3X5OOXO,0.875
OX3O567XX,0.4373769611120224
XO3X5OOXX,0.34375
1X3X5O7XO,0.5615196228027344
1X3O5OX8X,0.9296875
XX3O5OXXO,0.875
OOXX5XX8O,0.5625
XOXX5X7OO,0.984375
XO3X567OX,0.25390625
1XXO5O7X9,0.12109375
OXOX5OXX9,-0.25
12OX5OXX9,0.5
1X3O5OXX9,-0.5
