123456789,0.6412195482817857
123O5X789,0.4920585935562446
123O5XO8X,0.9687271107977722
1O3OXXO8X,0.710693359375
1OXOXXO8X,1.0
12O4567X9,0.5557049773391658
1OOX567X9,0.32958970773324836
1OOXO6XX9,-0.007812978699860196
1OOXO6XXX,1.0
1X3O56789,0.7037491827900091
OX3O567X9,0.43359375
OXXO5O7X9,0.625
OXXO5OOXX,-0.998046875
X23456O89,0.4225218764077815
X23OX6O89,0.9999998196424863
XX3OXOO89,0.5
XX3OXOOX9,0.9999999701976776
1234XO789,0.9114462801483518
X23OXO789,0.9789919761815096
X23OXO78X,1.0
12XO56789,0.6666533149671627
1XXOO6789,-0.5660400614292628
1XXOO67XO,0.6875
XXXOO67XO,1.0
1XOO56X89,0.16979538185534115
1XOOOXX89,0.5039062793366611
XXOOOXXO9,0.5
XXOOOXXOX,0.5
1O3X56789,-0.2565762806083046
1O3XX6O89,0.9999807450644348
XO3XX6O8O,0.7186574934384771
XO3XXXO8O,1.0
12O456X89,0.7998689999605548
XOO456X89,0.9999999921332277
XOO4XOX89,0.859375
XOOXXOX89,1.0
12345O78X,0.9795167093617669
O2345O7XX,0.7538793598990707
OX345OOXX,0.875
OX34XOOXX,1.0
X234O6789,0.29969948223328535
XX34O6O89,0.7187419901583589
XX3OOXO89,0.0
XX3OOXOOX,0.99609375
XXXOOXOOX,0.99609375
X2O456789,0.3908136562113195
XXO45O789,-0.9688487769897809
XXO45OXO9,0.9999923556752037
XXOX5OXO9,0.999999999998181
XO3456789,0.45848543332637276
XO34O67X9,-0.5636587599059613
XOX4O67XO,0.5000000000000018
XOXXO6OXO,0.5
XOXXOXOXO,0.5
O234567X9,-0.3100715672753912
O2X456OX9,-0.5313002150658948
OOXX56OX9,0.7499994817189872
OOXX5OOXX,0.5
OOXXXOOXX,0.5
12O45X789,0.26393046914153506
O2OX5X789,-0.2861328125
O2OXXX789,1.0
X2O4O6X89,0.9999999010910832
X2OXO6X89,1.0
1234567XO,0.4765808834303781
1O3X567XO,0.604786772291048
1OOXX67XO,0.9058837890625
1OOXXOXXO,-1.0
1234X67O9,0.909710529738968
X23OX67O9,0.9999980367018797
XXOOX67O9,0.74896240234375
XXOOXX7OO,0.5
XXOOXXXOO,0.5
123456O8X,0.9949503823804213
O234X6O8X,0.23013509593430218
OOX4X6O8X,0.9999980852006123
OOXOX6OXX,-1.0
123456OX9,0.6004117004494685
12O4X6OX9,0.9999984351088307
12OOX6OXX,-1.5987211554602254e-14
1XOOX6OXX,0.9999999962747097
1234O67X9,0.5742251322280905
1XO4O67X9,-0.5765169870293008
OXO4O67XX,-0.03179931640625
OXO4O6XXX,1.0
1X34567O9,0.6552703369046022
1X3456OOX,0.9855035079692878
1XXO56OOX,0.9999997615814209
1XXO5XOOX,0.9999990463256836
12O45678X,0.18410359865099246
O2OX5678X,0.5340653695918991
O2OX5OX8X,0.9979248046875
OXOX5OXOX,0.5
OXOXXOXOX,0.5
OX3456789,0.5317103489199043
OX34OX789,-0.9987816085509076
OXX4OX7O9,0.994140625
OXX4OXXOO,-1.0
1O345678X,0.9019736238938529
1O34XO78X,0.999907491258909
XO34XO78X,1.0
1234567OX,0.8330721751613132
1O34X67OX,0.9999969971089183
1O3XX6OOX,0.9999999961437425
1OXXXOOOX,0.999999999998181
XOXXXOOOX,1.0
123X5O789,0.34157930100122
12OX5O7X9,0.41314697265625
1XOX5O7XO,-0.9999999925494194
1O34567X9,0.7200695553885995
1O3456XXO,-0.6656885590767202
OO3X56XXO,-0.9393310546875
OOXX5OXXO,0.9999999403953552
OOXXXOXXO,1.0
123X56O89,-0.03077543195657606
12XX56O8O,0.5159921670202965
X2XXO6O8O,-0.015655696487641535
XOXXOXO8O,0.4999999999999858
1234XO7XO,0.7882690424884229
1O34XOXXO,0.24962615966796875
XOO4XOXXO,-1.0
1234O678X,0.5724736587220292
123OO67XX,-0.3831944486665298
O23OOX7XX,0.9999997592531145
O2XOOX7XX,1.0
1X3O5X7O9,0.5531630752699499
OX3O5X7OX,0.80859375
OX3OOXXOX,1.0
OXXOOXXOX,1.0
O2O45X78X,-0.6914125801287552
O2OOXX78X,-0.24999999999982947
OXOOXXO8X,-1.0
123456X8O,0.30412297088608187
1OX456X8O,0.9999999981373473
XOX45OX8O,0.9999999999961346
XOX4OOXXO,1.0
XOXXOOXXO,1.0
12345X78O,0.19769235792271078
1X345XO8O,-0.20702933400469092
1X34OXOXO,-0.7499999851006578
XXO4OXOXO,-1.0
X2O45O7X9,-0.1686553955078125
XXO4OO7X9,-0.99993896484375
XXOXOOOX9,-0.9999999999990905
O2345678X,0.7494785405795084
OO345X78X,0.983642578125
OOX45X78X,1.0
O234X6789,0.5501603722569153
O2X4X67O9,0.7900334240788376
OXXOX67O9,-0.0019683837890625
OXXOXX7OO,0.99609375
OXXOXXXOO,1.0
X23O56789,0.42216286570747735
XX3O5O789,-0.03921699547299795
XXXO5O789,0.9999999999999991
12345XO89,-0.04370367117020965
X2345XOO9,0.625
X23O5XOOX,0.968505859375
X23OXXOOX,1.0
1X3456O89,-0.5300190831710021
OX34X6O89,0.950803680546493
OX34X6OOX,0.4999993629776327
OX3XXOOOX,0.5
OXXXXOOOX,0.5
12345O7X9,0.6165817298886082
1X345O7XO,-0.7587432861328125
1X34OOXXO,-0.999969482421875
1XXOOOXXO,-0.9999999998835847
12345OX89,0.5966781341355567
1234OOXX9,0.9999999993959818
O23XOOXX9,0.96875
OOXXOOXX9,1.0
OOXXOOXXX,1.0
OXO45678X,0.8859445692984667
OXO45XO8X,-0.999999999998181
OXOX5XOOX,0.9999923706054688
OXOXXXOOX,1.0
X234O6OX9,-0.2416396985169148
X2X4OOOX9,0.99951171875
XXX4OOOX9,1.0
12OX567XO,-0.9999695864921433
12OX5XOXO,0.75
12OXXXOXO,0.9999995231628418
1OX456789,0.9590726193798513
1OX456O8X,0.9910176856887146
XOXO56O8X,0.9999999999854481
XOXOX6O8X,1.0
1O345X789,0.6358339746159578
1O345XXO9,0.3406827449798584
OO345XXOX,0.90625
OOOX5XXOX,-0.9998779296875
X2345678O,0.5995432010109805
X234O6X8O,0.9844482749132017
X23XO6X8O,1.0
123XO6789,0.22885318292677198
1X3XO678O,0.4573858790649865
XX3XO67OO,0.7343749998835847
XXXXO67OO,1.0
X2O4O678X,0.22048070692216593
X2O4OO7XX,-0.0625
X2O4OOXXX,1.0
1234OX789,0.39396704993798864
X234OX7O9,-0.7490163754628103
X23OOXXO9,-0.0574044166132921
X2OOOXXOX,0.5
O2345X789,0.7514666926658091
OO345X7X9,0.88623046875
OO3X5X7XO,-0.75
OOXXOX7XO,-0.9999999999999998
123O5678X,0.7059012037419645
12XO56O8X,0.9882659906279655
12XOXOO8X,0.967010498046875
X2XOXOO8X,1.0
12O4X6789,0.515320718094637
12OXX6O89,0.5935267358854468
XOOXX6O89,1.0
XOOXX6OXO,1.0
XOOXXXOXO,1.0
123OX6789,0.9910394014134476
1O3OX678X,0.9999542050480841
XO3OX678X,1.0
1234X6O89,0.44152007730567544
12X4X6OO9,0.864880484754095
12XOXXOO9,-0.505859375
X2XOXXOOO,-1.0
1X345678O,-0.03774427442811096
XX34567OO,0.61419677734375
XXX4567OO,1.0
12O4O6X8X,0.936932016502236
X2OOO6X8X,0.8124999998831255
XXOOOOX8X,-1.0
12X4567O9,0.40940526804045585
O2X456XO9,0.9999847412109375
O2X4O6XOX,0.9999940395043705
OXX4OOXOX,0.5
OXXXOOXOX,0.5
O23X56789,0.6049508755740935
OX3X56O89,0.19331047946175728
OXXX56O8O,-0.9999999813735485
OXXX5OOXO,0.9999923706054688
OXXXXOOXO,1.0
12OX56789,-0.0791783578004826
1XOX567O9,0.4331019992092554
1XOX5X7OO,0.25
XXOXOX7OO,0.99951171875
XXOXOXXOO,1.0
12X45O789,0.6352096307293614
1OXX5O789,0.6091080005584784
1OXXXOO89,0.5000076587616036
XOXXXOO8O,0.5
XOXXXOOXO,0.5
X23XO67O9,0.9999918331650086
XO3XO67OX,-1.0
O234X67XO,0.9920647079087026
OO34X6XXO,0.6147460913043687
OO3OXXXXO,1.0
OOXOXXXXO,1.0
1O34XXO89,0.8729856180573439
XOO4XXO89,0.9970703125
XOOXXXO89,1.0
X234567O9,0.64101876911946
X23456OOX,0.9721775426569366
X2X4O6OOX,-0.0039062500291038305
XXX4O6OOX,1.0
12OO567XX,0.6888427734375
X2OOO67XX,0.8740234374999432
XOOOOX7XX,0.9999999999999858
XOOOOXXXX,1.0
X2O45XO89,0.3180541992184933
XXOO5XO89,0.12499999999999645
XXOOOXO8X,-1.0
O23456X89,0.9366517572173403
O2345XXO9,0.6660666151146439
O2X45XXOO,0.7968745231628418
O2X4XXXOO,0.9999999999999432
12OOXX789,-0.24515290110837984
X2OOXXO89,1.0
X2OOXXO8X,1.0
123X5OO8X,-0.1086598973026226
O23XXOO8X,0.5000038156322297
O2OXXOOXX,1.0
OXOXXOOXX,1.0
1X34O6789,0.3214304829289052
XXX4O6O89,1.0
1XXO56O89,-0.18750000002921763
OXXO5XO89,-0.9999999990686774
O2345X7XO,-0.43796997769835155
OX345XOXO,0.90625
OX3XOXOXO,-0.9999999999999858
XO34OX789,-0.47236151249267383
XOO4OXX89,0.9999999997671689
XOO4OXXXO,1.0
XOOXOXXXO,1.0
12X45678O,0.4058521244602951
1OX4X678O,0.9999834963817161
1OX4X6X8O,1.0
123456XO9,0.17879832911247207
123XO6XO9,0.3395225557021976
O2XXO6XO9,-0.9990234375
OXXXOOXO9,0.49999999997089617
12O4X6O8X,0.9919080659745925
1OO4XXO8X,0.7458491325378418
1OOXXXO8X,1.0
12X4O6789,0.6131100496731945
XOX4O6789,0.5077532216257751
XOX4OX7O9,-1.0
1XO4XO789,0.6593475042609395
1XO4XO7X9,1.0
1O34X6OX9,0.5639475983442497
1OX4X6OXO,0.6250000001746248
1OXOXXOXO,0.5
XOXOXXOXO,0.5
1234OX7OX,-0.7558593974135879
12OXOX7OX,-0.998046875
OXOXOX7OX,0.5
OXOXOXXOX,0.5
1OX4X67O9,0.9990232552324141
1OXOX67OX,0.9998779296875
1OXOX6XOX,1.0
X2XO567O9,0.2496897950732091
X2XOX67OO,-0.750274658203125
XXXOX67OO,1.0
O2X456789,0.7347463966334857
O2XO56X89,0.984375
O2XOX6X89,1.0
12O4OXX89,0.6223759192526697
12O4OXXOX,0.4901816830970347
1OOXOXXOX,-1.0
1O3X5OX89,0.9999999968854318
XO3X5OX89,1.0
XO3X56O89,0.07376765450941586
XOXXO6O89,0.4882273260728897
XOXXOOO8X,0.5
XOXXOOOXX,0.5
1O3X56OX9,0.7301857040620324
1OOXX6OX9,0.9999912949278951
OOOXX6OXX,-1.0
X2345OXO9,0.971120922298951
X2XO5OXO9,0.982177734375
X2XOXOXO9,0.9999999999417923
O23456OXX,-0.03058441346047791
O2O4X6OXX,0.8749618530273438
OXO4X6OXX,1.0
O2X45XO89,0.48785400390625
OOXX5XO89,0.75
OOXXXXO89,1.0
12OX5XO89,0.4140625
1XOX5XO8O,-0.1484375
1XOXOXOXO,-1.0
123O5O7XX,0.625
1XOO5O7XX,0.625
XXOOOO7XX,-0.9999999981373549
XX3456OO9,0.12445831298827414
XX345OOOX,0.96875
XXX45OOOX,0.9999999999995453
O2O45X7X9,-0.5660399054826177
O2O4XXOX9,0.99603271484375
O2OXXXOX9,0.9999999962747097
OX3456XO9,0.6415488711003758
OXO456XOX,0.5
OXOOX6XOX,0.5
OXOOXXXOX,0.5
1O3XOX789,-0.7235367338999241
OO3XOXX89,-0.99951171875
OOOXOXXX9,-0.9999999999999432
123OX6OX9,-0.18756103523728795
X2OOX6OX9,0.9999961853027344
X2OOX6OXX,0.9999999999854481
123O56X89,0.9426660378885414
123OOXX89,0.6587316966596574
O23OOXX8X,0.9990234375
O2XOOXX8X,1.0
123OXX7O9,0.49989352054618663
12XOXX7OO,0.43749988079071045
12XOXXXOO,1.0
1X34O6O8X,0.4364175450403012
1XX4O6OOX,0.9999999997089617
1XX4OXOOX,0.9999998807907104
1234X6OOX,0.9921874925494136
O234XXOOX,0.9999999776482582
OX3OXXOOX,-1.0
1O3456X89,0.43309782936187297
1O34XOX89,0.9998703002929688
1OO4XOX8X,0.9980468749708891
1OOXXOXOX,0.9999998807907104
XOOXXOXOX,0.9999998807907104
OO3456XX9,0.9921798704854154
OOX45OXX9,0.9999387264251709
OOX45OXXX,0.9999999990686774
1X34XO7O9,0.9243517659678673
1XXOXO7O9,0.9999999981371275
1XXOXOXO9,0.9999999999999999
1O3X5O78X,0.7831700985061121
1O3XXOO8X,0.874998068436962
XO3XXOO8X,1.0
OOX45X789,0.9501342764124274
12XO5OX89,-0.755859375
1XXOOOX89,-1.0
1O3O56XX9,0.2133787199853714
1O3OXOXX9,0.9999999962747097
1OXOXOXX9,0.9999999999999716
XO34O678X,-0.8652727406271681
XO3OO67XX,0.8749980926468126
XOXOOO7XX,-1.0
12X4OO78X,0.42543592740555025
1XX4OO7OX,0.8670651908032596
XXX4OO7OX,1.0
123X5678O,0.3311914834228157
1O3XX678O,0.9999999999553459
1O3XXX78O,1.0
1234XX7OO,0.09373473556079864
12O4XXXOO,0.9980468600406311
12OXXXXOO,1.0
123O567X9,0.3221991362469977
1OXO567X9,0.7368935178172313
OOXOX67X9,-0.0019542286941068854
OOXOXXOX9,-1.0
1X345O789,0.6052003144526289
1XX45OO89,0.8046520929783583
1XX4OOO8X,0.9997552540153265
XXX4OOO8X,1.0
O23X567OX,0.7938210364253986
OX3XO67OX,0.5671386419599145
OXXXO6OOX,1.0
OXXXOXOOX,1.0
1XO456OX9,0.20703125
1XO4X6OX9,1.0
O23XX6O89,0.9677123213452852
O23XX6OXO,0.9687499999999716
OOXXX6OXO,1.0
OOXXXXOXO,1.0
OO34567XX,0.9999790191650391
OO3X5O7XX,0.7343616485595701
123X567O9,0.6598856005597504
123X5O7OX,0.8014394959794922
X2OX5O7OX,0.9335937499999998
X2OXXO7OX,1.0
123XX6OO9,0.7238772058424368
1XOXX6OO9,-0.00213623046875
XXOXX6OOO,-1.0
12XX56OO9,-0.8838378103198195
12XX5OOOX,0.9843671448356872
X2XXOOOOX,1.0
XXXXOOOOX,1.0
123X5XO8O,-0.0078125
1OXX5XO8O,0.4999999990686632
1OXXOXOXO,0.5
O23X5X7O9,0.30859375
O2XX5X7OO,-0.25
O2XXXX7OO,0.9999999999999998
O23XXO789,0.5090298751875544
OO3XXO7X9,-0.4393985265780887
OOOXXOXX9,-0.9999999999999998
1X3X5O7O9,0.7020845055102706
XX3X5OOO9,0.99853515625
XXOX5OOOX,0.99951171875
XXOXXOOOX,1.0
1XX4O67O9,0.9704541233603124
XXX4O67O9,1.0
12OXXO789,-0.18329646112329118
X2OXXOO89,0.49560538679361343
X2OXXOOXO,-1.0
1X345O7OX,0.8635839170061188
OX34XO7OX,0.5000610053539418
OXO4XOXOX,0.5
X23O5X78O,0.5036164247941
X23O5XXOO,0.9892578068832887
XX3OOXXOO,1.0
XXXOOXXOO,1.0
1O3X56XO9,0.81103515625
1O3X5XXOO,0.46875
1O3XXXXOO,0.9999999990686774
123X5XOO9,0.875
1X3XOXOO9,1.043081283569336e-07
1XXXOXOOO,-0.9999999999997726
XO3O56X89,0.46434112757898327
XO3O56XOX,0.375
XO3OX6XOX,1.0
123XX6O8O,-0.004234314910718351
1OXXX6O8O,0.7490158081054688
1OXXXOOXO,0.5
1234O6X89,0.4250148670965692
1X34O6XO9,0.43562217109862233
1X3XO6XOO,0.75
XX3XO6XOO,0.9999999999999858
12XO5O7X9,-0.5
12XO5OXXO,0.59375
XOXO5OXXO,0.999999999998181
XOXOXOXXO,1.0
1234X678O,0.6071041667475154
OX34X678O,0.7968749701903444
OXO4XX78O,0.9996337890625
OXOXXX78O,0.9999961853027344
XX34OO789,0.4089009753442928
XX34OOX8O,0.46775817871048275
XXX4OOX8O,1.0
X234X67OO,0.6171416302119554
X2OXX67OO,-0.001953125
X2OXX6XOO,1.0
OO3X56X89,0.5859384282477635
OO3X5XX8O,0.875
OO3XXXX8O,0.9999999403953552
123OX6XO9,0.8437493664147775
123OXOXOX,1.0
X23OXOXOX,1.0
OXX45O789,-0.03056249929087776
OXX45OXO9,0.7421874403953552
OXX4XOXO9,1.0
1O34XX7O9,0.9369878656415214
1O3XXX7O9,1.0
O234XOX89,0.19575250448903364
O23XXOX8O,-0.1329045295715332
O2XXXOX8O,1.0
123XXOO89,0.5249473448309143
XO3XXOO89,0.7177734375
XOOXXOOX9,1.0
XOOXXOOXX,1.0
1O345O7XX,0.24917030226777115
XO3O5O7XX,0.6249847412109375
XO3OXO7XX,0.9999999999990905
12345OXOX,0.9216899349194518
12O4XOXOX,0.9999997019185682
X2O4XOXOX,1.0
X23456XOO,0.9990003704987478
XXO456XOO,0.9993820188461768
XXO4XOXOO,-1.0
12XX567OO,0.27215576171875
1XXX56OOO,-0.9999995231628418
12345XXOO,-0.34497732772985584
OX345XXOO,-0.00027468801273755616
12OXO678X,0.5238729212717559
12OXOOX8X,0.9999995231628418
X2OXOOX8X,1.0
12O4OX7X9,-0.5190416818981484
X2O4OXOX9,-1.0
12X456O89,-0.23704528063518732
X2X456OO9,0.6249999664571391
X2XX56OOO,-0.9999999850988388
12OO56X8X,0.6677693573289748
1XOO5OX8X,0.499755859375
OXOOXOX8X,0.9999999403953552
OXOOXOXXX,0.9999999403953552
1234OXOX9,-0.026549147378784443
X2O4567XO,-0.39062734009664896
X2O4OX7XO,-0.8568146514143749
X2OXOXOXO,-1.0
O2OO5XX8X,0.5859355926513672
OXOOOXX8X,1.0
OXOOOXXXX,1.0
X23O56XO9,0.8974102613081141
X23OX6XOO,0.7968749403952344
XX3OXOXOO,0.9999961853027344
XXXOXOXOO,0.9999961853027344
1OX456OX9,0.5817899140311541
XOX4O6OX9,0.7500309982590716
XOXOO6OXX,1.0
XOXOOXOXX,1.0
1X3O56XO9,0.9550463772042173
1X3OOXXO9,0.999984140447395
1XXOOXXOO,1.0
12X4OX78O,-0.7192028355657162
OXX4OX78O,-1.0
X23O5X7O9,0.9955269214255665
X2XO5X7OO,0.999965667724382
XOXO5XXOO,0.9999999999999858
XOXOXXXOO,1.0
1X345OXO9,0.9893258536326459
OX3X5OXO9,0.49902343726716936
OX3XXOXOO,1.0
OXXXXOXOO,1.0
1XX456O8O,0.777341737804818
1XXXO6O8O,0.9992675776593387
OXXXO6OXO,-1.0
O23XO67X9,-0.9514555838526627
OX3XOO7X9,0.33599940361703634
OX3XOOXXO,-0.9999999999999929
O234XXO89,-0.282230407007787
O23XXXO89,1.0
OX345XO89,-0.9686279197109379
OXO4XXO89,0.8437495231482899
OXO4XXOX9,0.9999999997671694
1OX4567OX,-0.019531250146458068
OOX4X67OX,0.9999999999995449
OOX4XX7OX,0.9999999999999999
O234XX7O9,0.005031498580873706
O2X4XXOO9,0.625
OXX4XXOOO,-0.9999999999999998
12OOX6X89,0.2072047908005178
1XOOX6X8O,-0.5156252384185791
1XOOX6XXO,1.0
XO3O567X9,0.3846395598744823
XOXO5O7X9,-0.2500000074505806
XOXOXOOX9,0.9999999999999982
XOXOXOOXX,1.0
X23O5O7X9,0.7420883029694778
XX3OOO7X9,-1.0
12OO5X7X9,0.7549849191719653
O2OO5XXX9,0.999267578125
OOOOXXXX9,-1.0
1X3O5OX89,0.23784637451171875
XX3O5OXO9,0.9683837890625
XX3OOOXOX,-1.0
1X3O56O8X,0.4991016983985901
OX3O56OXX,-0.9999999997671694
123XOXO89,-0.657693371409537
12OXOXOX9,-1.0
12X4OO7X9,0.43405069679603236
1XX4OOOX9,0.7187499998835847
O2O4X6X89,0.3686606278002904
OXO4X6X8O,-9.536743235116774e-07
OXO4X6XXO,1.0
X234XO7O9,0.9999979193451761
X2X4XO7OO,0.9998626708983807
XXX4XO7OO,1.0
1O345XO8X,0.729856476187706
1OX45XO8X,1.0
12OO56XX9,0.351562499998181
12OOXOXX9,0.6171870231628418
1XOOXOXX9,1.0
1O3X5O7X9,0.8854889720238264
1OXXOO7X9,0.9681854248028441
XOXXOOOX9,0.5
XO345O78X,0.858398400247097
XOXO5O78X,-0.054687500931322575
XOXOOOX8X,-0.9999999999998863
1X3OO678X,0.3208245379073323
1X3OOO7XX,-1.0
1OXXO6789,-0.15920176624158983
OOXXOX789,-0.015869140625
OOXXOX78X,0.9999999999999998
12X4OXO89,0.8580606721052093
12X4OXO8X,1.0
12XO56XO9,0.9993877336382866
12XOX6XO9,1.0
1OO456X8X,0.07773947529494762
1OOX56XOX,0.75
XOOX56XOX,0.9999999999999716
1X3O56X8O,0.6923573816893736
XX3OO6X8O,-0.13501001289114356
XX3OOOXXO,-1.0
O2345OXX9,0.8749961419380252
OO34XOXX9,0.7186279296875
OOX4XOXX9,0.9999999999999929
O2XX5O789,0.818451010687905
O2XXOO78X,0.5312501192092896
O2XXOOXOX,0.5
X2X4O678O,0.34176985606648724
X2XOO6X8O,0.9687190055847168
XOXOO6XXO,0.5
XOXOOXXXO,0.5
1O3XO678X,-0.32539436481042905
1O3XOXO8X,-0.949462890625
1OXXOXO8X,0.9999999999999999
OX3456OX9,0.051759268157065996
OX3XO6OX9,-0.6240234375
OX3XOOOXX,0.5
OXXXOOOXX,0.5
1O3456OXX,-0.4606939342929118
1OO45XOXX,-0.9999847412109375
1OOXOXOXX,-0.9999999999999982
1O345X7XO,0.47059830816792636
1OXO5X7XO,0.5018310546291787
1OXOOXXXO,0.4999999998835847
O2X4XO7XO,0.9999999999417923
O2XXXOOXO,1.0
12XO5O78X,-0.41448153772053165
1OXO5O7XX,-0.125
OOXOXO7XX,0.9999923706054688
OOXOXOXXX,0.9999923706054688
XO34X678O,0.05697691996179388
XOX4X67OO,0.8747558591894631
XOX4XXOOO,-0.9999999999998863
OX34O678X,0.4476927378601914
OX3OOX78X,0.9999999999708962
OXXOOX78X,1.0
X2O456XO9,0.9999999999631477
X2OX56XO9,1.0
12OX56OX9,-0.5332520027585588
X2OXO6OX9,-1.0
12O4X67OX,0.9683640343635656
1XO4X6OOX,1.0
1XOXXOOOX,1.0
1XO45O78X,0.510070505556178
1XOX5O7OX,0.7006835936335278
XXOXOO7OX,0.9999999999999999
XXOXOOXOX,1.0
123XOX78O,-0.9998762687128169
12XXOX7OO,-0.9998779296875
XOXXOX7OO,-1.0
OX34X67O9,0.5047723801336531
OX3XXO7O9,0.5022277832176769
OXXXXOOO9,0.5
O234XO78X,0.7714721681293506
O2X4XO7OX,0.9956051688550307
OOXXXO7OX,0.9999999999997726
OOXXXOXOX,1.0
XO3456XO9,-0.7658691407494898
XO34X6XOO,0.9999999999999715
XOO4XXXOO,0.9999999999995453
XOOXXXXOO,0.9999999999995453
123X5X7OO,-0.9375
X23X5XOOO,-0.9999999925494194
12XOX678O,0.8398388623189604
1XXOX6O8O,0.99951171875
XXXOX6O8O,1.0
X23X5O78O,0.40521240244197543
XX3X5OO8O,0.25
XX3XXOOOO,-0.9999999999999716
12XO5X78O,0.9253937490573322
1XXOOX78O,0.49951171875
XXXOOX78O,1.0
1X3O5O78X,-0.3489597849547863
1X3OXO7OX,0.749969482421875
OX3OXOXOX,0.999999999992724
OXXOXOXOX,1.0
X2X45OO89,0.9327351866220621
X2XX5OO8O,0.7499389648437482
XXXX5OO8O,0.9999923706054688
12X45O7OX,0.6212718138862094
1OX45OXOX,-0.28125
OOXX5OXOX,1.0
OX3O5XO8X,-0.9999999995343387
12XO567OX,0.9999999254869181
12XOO6XOX,0.8431396037340164
XOXOO6XOX,-0.9999999999999998
OX345X7O9,0.5517757517201609
OXO4XX7O9,0.7418745453323892
OXOOXX7OX,0.5
O234X6XO9,0.9686277802067755
O2OXX6XO9,1.0
O2OXXXXO9,1.0
12X4OOX89,-0.05652019589813578
X2X4OOXO9,0.984375
XXX4OOXO9,1.0
12OX567OX,0.8954917194270386
O2OXX67OX,0.749969481898006
OOOXX6XOX,-1.0
XOX4567O9,-0.0216110234624467
12X456OXO,0.5788047405741952
12XX5OOXO,0.9320793151855469
XOXX5OOXO,0.49999999999999956
123O5X7XO,0.19991154331941347
123OXXOXO,0.749753475189209
1X3OXXOXO,0.9999999998835847
12XOO678X,0.9794892294973874
1XXOO67OX,0.6091880797166596
1XXOOOXOX,-1.0
1X345OOX9,0.5634767113915219
XX3O5OOX9,0.874755859375
XXXO5OOX9,0.9921875
1XXO567O9,0.38865661574163823
1XXO56XOO,0.5
1XXOX6XOO,1.0
OO3XX6OX9,0.9998776903303224
OO3XXXOX9,0.9999999999999996
1234O6OXX,0.06355377710528531
12XOO6OXX,0.49609374999997147
12XOOXOXX,1.0
XX3456O8O,0.47259521484375
XX34X6OOO,-1.0
X2XOO6789,0.9831542651512346
XOXOO67X9,0.7499938739347285
XOXOOX7XO,0.5
1O3O5XX89,0.9996866834454161
XO3OOXX89,0.59763341024518
XO3OOXXXO,0.5
X2OO56X89,0.6180073530577619
X2OO5XXO9,0.5317385196831808
XOOOXXXO9,0.9999999999999432
XOOOXXXOX,1.0
X2345XO8O,0.20014264148352717
XOX45XO8O,-0.6250000176998158
XOX4OXOXO,0.5
1O345XX8O,0.7169472139786037
XO3O5XX8O,0.5625610351926007
XO3OXXXOO,0.9999999999708962
1O34X6O8X,0.9997823207740042
1O3OX6OXX,0.9930419921875
1OOOXXOXX,0.9921875
XOOOXXOXX,1.0
O2X456O8X,0.7659125064658241
O2X45XO8X,1.0
O23O5XX89,0.48157834019718115
OX3OOXX89,-0.875008590577755
OXXOOXX8O,-1.0
1XO4OX789,-0.3754077613554463
OXO4OX78X,-0.8476560108241521
OXOXOXO8X,-1.0
O2XXO6789,-0.6625930922852648
O2XXO67XO,-1.0
1234O6XXO,-0.2494360054857515
1O3XO6XXO,0.9959716796875
1OXXOOXXO,0.9999999999999964
OX3X5O789,-0.17011989377396552
OXXX5OO89,0.5629882807847899
OXXX5OOOX,0.5
1OX4O678X,0.9857326735799896
OOX4O6X8X,0.749999999998181
OOX4O6XXX,1.0
12XOXO789,0.9990234352262035
X2XOXO78O,0.9999999999416782
XXXOXO78O,1.0
OO34X6X89,0.62412759614379
OOOXX6X89,-1.0
OXOX56789,0.46542163902670297
OXOX567XO,-0.1875
OXOX5OXXO,-0.9999847412109375
1O3O567XX,0.9755821228027344
1OOO5X7XX,0.875
1OOO5XXXX,0.9999980926513672
1XX4O678O,0.9472650289317237
XXX4O678O,1.0
O23XX678O,0.6865234298963836
O23XX6XOO,1.0
O2XXX6XOO,0.9999999999708962
123O5XX8O,0.7041740227276239
1X3OOXX8O,0.17980957106918039
1XOOOXXXO,0.5
XXOOOXXXO,0.5
X234O6XO9,0.8906242219095318
XX3OO6XO9,0.9999577626576546
XXXOO6XO9,1.0
1X3XO6O89,-0.6560665074255223
OX3XOXO89,-0.5039062481373549
OXXXOXO8O,-1.0
O23X5X78O,0.40576171875
O23XXX78O,1.0
1OXX567O9,0.8187777879065834
OOXX567OX,0.498016357420056
OOXX5X7OX,0.9999923706054688
OX3OX6789,-0.0002462939749582338
OX3OXX78O,0.2499980926513672
OXOOXXX8O,1.0
OXOOXXXXO,1.0
OO3XX6789,0.2840726401624577
OO3XXX789,1.0
12345X7O9,0.5723361620209272
12O45X7OX,0.06123277997869242
O2O45XXOX,0.2524414055296518
OXOO5XXOX,0.5
1OO45X78X,-0.031265382316448154
XOO45X7OX,-0.5
XOOXOX7OX,-0.9999999403953552
12XOOX789,0.9357091895608436
12XOOXX8O,0.14878487585343686
XOXOOXX8O,0.5
X23456OXO,0.15391433957372047
X234XOOXO,0.12499570659565151
X23OOX7OX,-0.5000000819563866
XO3OOXXOX,-1.0
12XXO67O9,-0.9802891552268735
X2XXO6OO9,0.24999189283698442
XXXXO6OO9,1.0
12OX56X8O,-0.6651046462357044
1OOX5XX8O,0.734375
XOOX5XX8O,0.9999999925494194
X234O6O8X,-0.7457606450079464
X234OOOXX,-0.624969482421875
X2XOOOOXX,-1.0
1OXO56X89,0.9999999338027603
OOXO56XX9,0.984375
OOXO56XXX,0.9999980926513672
1O34O6XX9,0.9999999999959599
1O34O6XXX,1.0
12O45O7XX,0.7488784790039062
O2O4XO7XX,0.9999542236328125
OOOXXO7XX,-1.0
1X34X67OO,0.0814489342396206
1XX4X6OOO,-1.0
O23XO678X,0.7957014659936208
O23XOX7OX,0.953125
OO3XOXXOX,-1.0
1O3XO6XOX,-1.0
1OXO5X789,0.9648337289545451
XOXO5XO89,0.5742168426513672
XOXO5XOXO,0.5
X23O56O8X,0.6992179155349589
XX3O56OOX,0.9998774528503418
XXOO5XOOX,0.96875
XXOOXXOOX,1.0
1O3X5XO89,0.7031249999995453
XO3XOXO89,-0.9940190315246582
XO3XOXOXO,0.5
X2O4X678O,0.31694421222223645
X2O4XXO8O,0.9999999999999414
XOO4XXOXO,1.0
X2O4OX789,0.41286275098550435
XXO4OX78O,0.7269152697183343
XXOOOXX8O,0.5
123OXO78X,0.9686235114759109
12OOXO7XX,0.5
12OOXOXXX,1.0
1X34XOO89,0.9798736569608206
1XXOXOO89,0.9999999990541255
1XXOXOOX9,0.9999999999708962
1X34O67OX,0.49099119192065643
XXO4O67OX,0.4866335652759457
XXOOO6XOX,0.5
OO3456X8X,0.7499943747213819
OO3XO6X8X,0.17185967409750091
OO3XO6XXX,1.0
OXX45678O,-0.33495817526818555
OXXXXOO8O,1.0
1XO456789,0.6087610259436649
1XO4X678O,0.0859398841820393
XXO4X6O8O,0.43650054931640625
XXOOXXO8O,1.0
XXOOXXOXO,1.0
O234O6X8X,0.8437499565763791
OX34OOX8X,0.9920653081493922
OXOXOOX8X,1.0
OXOXOOXXX,1.0
O2X4O6X89,0.7172649733529408
O2X4OOXX9,0.46289062499999956
OXXOOOXX9,-0.9999999999990905
XX345O78O,-0.03125
XX3O5OX8O,-0.5
XXOOXOX8O,-1.0
O23XO6X89,0.7027333674100247
O2OXOXX89,-0.49609375558793545
12345OOXX,0.9253349649382964
1OX45OOXX,0.7622070312490976
XOX4OOOXX,0.5
OXOX56X8O,-0.9999990463256836
OXOXOXX8O,-1.0
XO345X7O9,0.3417806588113308
XO34XXOO9,-0.0634765625
XO3XXXOO9,0.9999999999854481
OXO4567X9,-0.2504270076751709
OXO4X67X9,1.0
XO34567XO,0.5468759480842048
XO3X56OXO,0.4999999925494193
XO3XXOOXO,0.5
12X4O67OX,0.9970091982613232
12X4OX7OX,1.0
X23XO6O89,0.19611423781324966
XX3XOOO89,0.870361328125
XXOXOOO8X,-1.0
XOOX56789,0.4910869188606739
XOOXOX789,0.3729857802391052
XOOXOXX89,1.0
1O3XO67X9,0.3860530540413197
XO3XO67XO,0.9990234375
XO3XO6XXO,1.0
1X34OO78X,0.24967145447742523
1X3XOO7OX,0.7485350891765382
OXXXOO7OX,0.5
O2OX56X89,0.4181883307944646
O2OXX6X8O,0.34356689453125
O2OXXOXXO,-0.9999999999999991
123O5OX8X,-0.007812500931379418
X23OOOX8X,-1.0
O2X45O7X9,0.6688047982715934
O2X45OOXX,0.3066398200603544
OOX4XOOXX,0.5
OXXOXO789,0.9999999998835847
OXXOXOX89,1.0
1OO4567XX,0.24999999068677425
XOO45O7XX,0.996826171875
XOO45OXXX,0.999969482421875
1X3X5OO89,0.16148761842351117
1XOXXOO89,0.47988128662109375
XXOXXOO8O,-1.0
1XX45O78O,0.9919051730020624
OXX4XO78O,1.0
OXX4XO7XO,1.0
1XO4XOO8X,1.0
1XO4XOOXX,0.9999999997671694
XO3X567O9,0.71484375
XOXX5O7O9,0.0
XOXXXO7OO,0.9999847412109375
XOXXXOXOO,0.9999847412109375
X23XO6OOX,-0.9999994016253595
X2OXOXOOX,-0.9999961853027344
O2X456X8O,0.9999999959686647
O2X4O6XXO,-1.0
1X3O5O7X9,-0.125
1X3OXO7X9,1.0
1X3X567OO,-0.7822275534272194
XX3X5O7OO,0.234375
XX3X5OXOO,0.9999999981373549
O234OXX89,0.4693128400155845
OOX4OXX89,-0.51171875
OOXXOXX8O,-0.9999999997671694
1XO456O8X,0.9654816584315533
1XO4O6OXX,-1.0
12XX5O7O9,0.6558128137953941
1XXX5O7OO,0.9959869384765625
1XXXXOOOO,-1.0
123OO6XX9,0.9999999995590962
1X3OOOXX9,-1.0
1O3XXXO89,1.0
1XO4X67O9,0.6024931335949812
XXO4XO7O9,0.858383059501648
XXO4XO7OX,1.0
O2XO5678X,0.8593519590025327
O2XO5X78X,1.0
12O4X67XO,0.9810744151685411
1XO4X67XO,1.0
XO3XO6OX9,0.054502880665893316
XOOXO6OXX,-1.0
1O3OXX789,0.8379410281686154
XO3OXX78O,0.5626212361876295
XOOOXX7XO,0.5
XOOOXXXXO,0.5
1X34OOX89,0.44299237721185336
1X3XOOXO9,0.9999082963477122
1XXXOOXOO,0.99609375
XXXXOOXOO,0.99609375
12XO567XO,0.5123407782325471
XOXO567XO,0.500068665089204
XOXOX6OXO,0.5
O2O4567XX,0.3896484375
OOOX567XX,-0.9999999925494194
XXOO56789,-0.8465266349534483
XXOO56O8X,0.5625
XXOOO6OXX,-0.9999999997671694
OXOXXOX8O,-1.0
1XOO567X9,0.59375
XXOO567XO,0.75
XXOO5XOXO,0.9999923706054688
1XO4O6X89,0.8835552674961317
1XO4OOX8X,-0.0019550323486328125
1XO4OOXXX,1.0
123XO67XO,0.16047408300186872
OX3XO67XO,-1.0
1OO45XX89,0.07409164108431199
OOO45XXX9,-0.9999990463256836
X23O5XO89,0.9116395471623253
X23O5XOXO,0.9998485228133802
XO3OXXOXO,0.5
1OO4X678X,0.974471088491535
1OOOX67XX,-0.015625
XOOOX67XX,1.0
12OX56O8X,0.6812304145714734
12OXXOO8X,1.0
X2OXXOO8X,1.0
12XO5XO89,-0.29982925020203777
O2XO5XOX9,-0.9999999997671694
1OOXX6789,0.49963187416113886
1OOXXO7X9,-0.99969482421875
1XO456XO9,0.8413060907250409
1XO4OXXO9,0.5000005076290108
1XOOOXXOX,0.5
12XX5O78O,0.7336273193359375
12XXXOO8O,0.5101237066540341
XOO45678X,0.717682957649231
XOO4O67XX,0.980468659887265
XOOXOO7XX,0.99951171875
XOOXOOXXX,0.99951171875
OXO456X89,0.5669342767739673
OXOO56XX9,0.7421875
OXOOOXXX9,0.9999999981373549
1X3OOX789,0.2619223827646079
1XOOOX7X9,0.7017134639734195
1234OOX8X,0.671800849780984
1234OOXXX,1.0
12OXX67O9,0.9950799920006244
12OXXX7O9,1.0
123OX6X8O,0.9999075821153297
1O3OX6XXO,0.9960937350988317
XOOOX6XXO,0.5
XO3O5XO8X,0.9997558591421694
XOXO5XO8X,0.9999998807907104
1234OXX8O,0.7304620732534705
X234OXXOO,0.998046875
X2XOOXXOO,1.0
1X34O6OX9,-0.5303948386937354
XXO4O6OX9,-1.0
1X34OX7O9,0.391662083814178
1X34OXXOO,0.998962383585873
OX3XOXXOO,-1.0
X23X56OO9,-0.23474063641145837
X23XX6OOO,-1.0
XXO456O89,-0.7157091076413635
XXOX56OO9,-0.9999923706054688
XXOXOXOO9,-0.9999999999999982
12OO56XXX,1.0
1X34X6O8O,0.36714025084709556
1XOXX6O8O,0.437255859375
1XOXXXO8O,0.9999999999417923
1OXXOOX89,0.4999999999926672
XOXXOOX89,1.0
XX3O5O7OX,-7.630354957655072e-06
XXXO5O7OX,0.9999999981373549
X2345OOX9,0.9954059006794105
X23XOOOX9,0.39751863942239396
X2OXOOOXX,-1.0
1XOXO6789,0.41102230455500044
OXOXO6X89,-0.31649516503983943
OXOXOOXX9,0.99951171875
X2O4O67X9,-0.5820388709289868
X2OOO6XX9,-0.0002787187695503235
X2OOOXXXO,0.5
OOOXX678X,-1.0
XOX4OX78O,0.4062496186015174
XX345XOOO,-0.9999995231628418
X23OO6X89,-0.29732653693260414
X23OOOXX9,-1.0
1XOXO6O8X,-1.0
X2345OO8X,0.6676003516229514
X2X4OOO8X,0.499023435637312
1234X6OXO,0.967763863239897
O234XXOXO,0.9999923706036498
OOX4XXOXO,1.0
1234XOO8X,0.9998702751416038
X234XOO8X,1.0
1X3OO6X89,-0.23072902001560458
1X3OOOX8X,-1.0
OO34XXXO9,0.7499845027923584
OOX4XXXO9,0.99951171875
O2XX56OOX,0.9907226413488388
O2XX5XOOX,0.9998779296875
O23O567XX,0.8271484375
O2XO56OXX,-0.999999999998181
X2O456OX9,0.09371078365711494
X2O45OOXX,0.4140625
XXO4OOOXX,-0.9999999850988388
X234O67XO,0.42883360372623436
XXO4O67XO,-0.9970703125
XXOXO6OXO,-1.0
12XO56OX9,0.296875
X2O4XOOX9,0.9999846741557121
XXO4XOOX9,0.9999999999999982
XOXOOXXO9,-1.0
O23O5X7X9,0.63623046875
OX3OOX7X9,-0.9999849796295166
OXXOOXOX9,-0.999999999992724
1OXOOXX89,0.9999367892703503
1OXOOXX8X,1.0
12345XOOX,0.9212593333777477
12OX5XOOX,0.84375
12OXXXOOX,0.9999999999708962
OXXO567XO,0.0
OXXO5OXXO,0.9375
OXXOXOXXO,0.9375
O23OX67X9,0.7376670799485154
OO3OX67XX,0.328125
OO3OXXOXX,-1.0
12OO5XX89,0.8578692850470957
12OOXXX8O,0.501986026773011
XOOOXXX8O,0.5
1X3456XOO,0.9937284202002867
OX34X6XOO,1.0
OXX4X6XOO,1.0
XXOOX6O89,0.9999999999999998
XXOOX6O8X,0.9999999999999991
1234O6XOX,0.3011585904018905
X234OOXOX,-0.6054844968020916
X2XO56OXO,0.59375
XXXO56OXO,0.9375
1XOOX67X9,1.0
OX34567XO,0.68359375
OX34X67XO,1.0
1XXXOO78O,0.875
XXXXOO78O,0.9999999999854481
XO34567OX,0.9685896635055542
XO34X67OX,1.0
1X3O5XO89,-0.6662521362304688
OX3O5XOX9,-0.9999999962747097
XOX45O7OX,-0.09375000000727596
XOXXOO7OX,-1.0
123OXOX89,0.6169426440592218
X2OOXOX89,0.9797325124964109
X2OOXOX8X,1.0
O234X67OX,0.9487566071703855
OX3OX67OX,0.5644836509591151
12OO5XXXO,0.625
1OOOXXXXO,0.5
12OOX678X,0.98432513880235
1OOOX6X8X,0.7499960660934439
1OOOX6XXX,1.0
X234OXO89,0.8114762763282832
X2O4OXO8X,-1.0
XOOO5X7X9,0.9045686565805227
XOOO5XXXO,0.5
O23OX678X,0.9090365416678744
O2XOX67OX,-0.0019570589065551758
O2XOX6XOX,1.0
12O4XO7X9,-0.06268310548864575
12O4XOXXO,-1.0
O2345X7OX,0.9822947983337751
O2X45X7OX,1.0
O23O56XX9,0.998773559381334
OO3OX6XX9,0.749997615814209
OO3OX6XXX,1.0
1XOX5678O,-0.4992445386850477
XXOX5O78O,-0.9999999990686774
123O5XXO9,0.9999680155236965
12OO5XXOX,0.5
O2OOXXXOX,0.5
12XXXOOO9,-0.41793727874627334
O2XXXOOOX,0.5
X2X45O78O,0.7255839097778605
XOX4XO78O,0.871085524559021
XOX4XOOXO,0.5
O2XO5XX8O,-0.0313720703125
O2XOXXX8O,1.0
12OX5O78X,0.9994171233756375
1XOX5OO8X,-0.4375
1XOXOOOXX,-0.9999999999999991
O2X4OO7XX,0.49974060023669153
O2XXOOOXX,0.5
12XOX6OOX,0.9999961853027342
X2XOX6OOX,1.0
1OXO5678X,0.9843034585351181
1OXOO6X8X,0.984375
1OXOO6XXX,1.0
XXX45O78O,0.9999999999999998
O23O56X8X,0.9999999771241241
O2XO5OX8X,0.5937499962747097
O2XO5OXXX,0.9999990463256836
XOXOO6X89,-0.8124999999996554
XOXOOOXX9,-1.0
12XO56X8O,0.9997054842533464
12XOX6X8O,1.0
12OX5OXOX,0.87451171875
X2OX5OXOX,0.9999990463256836
X23OX678O,0.5389654666932484
XXOOX678O,-0.0004882887078849762
XXOOX67XO,1.0
X2O4XO789,-0.5019533062613988
X2O4XOX8O,-1.0
12OX5OX89,0.9999999990627613
X2OX5OX89,1.0
O2345OX8X,0.9999999983410106
O2O4XOX8X,0.9199179706483847
OOOXXOX8X,-1.0
XO3OOX78X,0.9843748807688186
XOXOOX78X,1.0
O2OOXX7X9,0.492156982421875
OXOOXX7X9,1.0
12O4XOX89,-0.015843591308618565
12OXXOX8O,-1.0
OXX4OO78X,0.45201758851908375
OXXOOO7XX,-1.0
1XO45X78O,-0.027473535217202805
XXOXOXO8O,-1.0
1234XXOO9,0.9985274640785065
1X34XXOOO,-1.0
OXX4567O9,0.5632395531748818
OXX4XO7O9,0.8972153216595871
1O34X6789,0.8664360964527316
1OO4XX789,0.5495278526627447
1OOXXX789,1.0
1X3O567XO,0.546875
XX3O5O7XO,-0.0625
XXXO5O7XO,0.9999980926513672
OXO4XO78X,0.9999977498372337
OXOXXO7OX,0.5
1234XXO8O,0.18346405005362143
12X4XXOOO,-1.0
OXO4XXXOO,1.0
OXOXXXXOO,1.0
1O34X6X8O,0.867427702964601
1OO4XXX8O,0.9999384880058493
OOO4XXXXO,-1.0
X234X6OO9,0.24595438287357752
X2X4XOOO9,0.9999999994033715
X2XXXOOOO,-1.0
X234OO7X9,-0.664740544430142
X2X4OO7XO,-0.03521728515806899
X2XXOOOXO,1.0
XXXXOOOXO,1.0
1OX45X7O9,0.9062194786965563
1OX4XXOO9,0.99609375
1OXXXXOO9,0.9999995231628418
12X4O6X8O,-0.6026113865890225
1XXOO6X8O,-0.015625
XXXOO6X8O,1.0
1OX45O78X,0.44875150633391114
1OX4XO7OX,1.0
1OX4XOXOX,1.0
X234OO78X,-0.6803898179434629
XXO4OO78X,0.0937500018626447
1XOO5XX8O,0.500000003754396
1XOOXXXOO,0.5
OX3456X8O,0.6215808090742989
OX34O6XXO,-1.0
12OXX678O,-0.7501235049139894
12OXXX78O,1.0
O2OX5OXX9,-0.125
O2OX5OXXX,0.9999999701976776
12OXO6X89,0.8064080235339335
12OXO6XXO,-0.009765625
X2OXO6XXO,1.0
1OOX5O7XX,0.8748779296875
1OOX5OXXX,0.9999923706054688
OX34XO789,0.999877925893935
OXX4XOO89,0.9990229010579695
OXX4XOOX9,1.0
1XXO5OO8X,-0.2500004768371582
1XXOXOOOX,0.9999990463256836
XXXOXOOOX,0.9999990463256836
1XXOOO78X,-1.0
X2O45O78X,0.959899328649044
X2OO5OX8X,0.9843740463256799
X2OO5OXXX,0.9999999998835847
XXO4OX7O9,0.7790041007101355
XXO4OXOOX,-1.0
1X3XOOO8X,0.36102830740817504
O2O456XX9,0.2454833835363388
O2O456XXX,1.0
1X34X6OO9,0.3008611192484434
1X3OX6OOX,0.7495097493811045
XX3OX6OOX,0.9999999999999432
12O456XXO,0.4244487751433678
1XO45OXXO,-0.9999999998835847
123O5OXXX,1.0
12OXXO7XO,-1.0
1OX456XO9,0.9999998956915835
1OX4X6XO9,1.0
12O4XO78X,0.9920978015137505
X2O4XO78X,1.0
1X3OX67O9,0.9756641001626388
1X3OXX7OO,0.373773570627237
XX3OXXOOO,-1.0
OX3OX67X9,1.0
OO34X67X9,-0.3602077690480604
OOO4XX7X9,-1.0
OXXO56XO9,0.9921875
OXXOOXXO9,1.0
O234O6XXX,1.0
1XXX5OOO9,0.8124999990686774
1XXXOOOOX,1.0
1XOOX6O8X,0.9990215301513672
OO34X678X,0.983596008293692
OO34X6XOX,0.998043991625309
12O4XXO89,0.7497547098495798
12OXXXO89,1.0
1234XOX8O,0.548851165208326
12X4XOX8O,1.0
123XXXOO9,1.0
123X5OX8O,0.999999744993147
1OXX5OX8O,0.90625
1OX4XO789,0.9882604895548941
1OX4XOOX9,0.5000610388815403
1XX4OO789,0.6290906922637687
XXX4OO789,1.0
OOX4X6789,0.6864951616321828
OOX4X6X89,1.0
12O4O6XXX,1.0
XO34O6XXO,0.9999999953392376
X234XO78O,0.7310746072092793
XXO4XO78O,-1.0
O2OXO6X8X,0.9998778700464737
O2OXO6XXX,1.0
1OX45OX89,0.9999994933166327
1OX4OOX8X,-0.46878063678741455
OOXXOOX8X,1.0
12O4OX78X,-0.35613546911903193
1OO4OX7XX,0.859375
1OO4OXXXX,1.0
1OX4XOX89,1.0
12X4XOO89,0.42829711472489207
1OX4XOO8X,0.8749997606421331
XOX4XOO8X,1.0
1O345OXX9,0.9990234375
1O345OXXX,1.0
123XXO7O9,0.5491180594963219
X23XXO7OO,-0.5001220704289739
X23XXOXOO,1.0
XOO4X67XO,-0.10694456088683602
XOOXXO7XO,-1.0
XO3456OX9,0.5097126223617703
XO3O56OXX,0.984375
XO3OX6OXX,1.0
12O45OXX9,-0.1572265625
X2O45OXXO,-0.9999999999990905
12XXO6O89,0.4790810228804357
O2XXOXO89,-0.0234375
O2XXOXOXO,-1.0
12OXXOOX9,-4.585221091701897e-13
1XOXXOOX9,0.9999999999999964
12X4X67OO,0.8710932730097642
12X4X6XOO,1.0
1X34OX78O,-0.35446283429633113
OX34OXX8O,-1.0
OX34X6OX9,1.0
O2345XX8O,0.6290566733503056
O2O45XXXO,-0.25000047590583563
O2OXOXXXO,-1.0
123XX67OO,0.21476745605465153
123XXX7OO,1.0
X2O456O8X,0.4686880111694336
X2O4X6O8X,1.0
OOO4XX78X,-1.0
X234X6O8O,0.4167511643205059
X2X4X6OOO,-1.0
O23X56X8O,-0.9199107666816682
O2XXO6X8O,-1.0
O23O5XOXX,-0.9999999999997726
123XXXO8O,1.0
1XX4XOOO9,0.992187485098782
XXX4XOOO9,1.0
12X4XO7O9,0.8299881780703579
12X4XOXO9,1.0
X234X6OOX,1.0
123OX6O8X,0.9958667083385534
X23OX6O8X,1.0
O23OXX789,-0.5628603358758356
O23OXXXO9,0.6249999995337703
OXOOXXXO9,0.5
O2X4X678O,0.9987177103757787
OOXXX678O,0.9999990462674617
OOXXXX78O,0.9999999999999996
OXOOX6X89,0.8591304831061277
OXOOX6XX9,1.0
OO3OXXX89,0.8744959831203685
OO3OXXXOX,0.9999995231628418
OOXOXXXOX,0.9999995231628418
X2OX567O9,-0.18814873695373535
X2OXOX7O9,0.875
X2OXOXXO9,1.0
O2X4X6O89,0.4190148577296996
O2XOX6OX9,-1.0
1O3XOX7OX,-1.0
O234XX78O,0.9999969885356771
XX3OOX7O9,0.9995019435261838
XXXOOX7O9,1.0
123XO67OX,0.2004388803656158
12XXO6OOX,0.9999999999997722
12XXOXOOX,0.9999999999997726
OXXOX678O,0.9570312499999998
OXXOX67XO,1.0
OXO4XO7XX,1.0
12X4O67XO,0.47117319018793374
O2X4OX7XO,-1.0
12XOXOX89,1.0
O2XOXXO89,-1.0
OXO4X6789,0.8749885334999101
12X4O6XO9,-0.7307612597580275
1XX4OOXO9,0.9985234718696461
OXXOX6OOX,-1.0
1OX4X6O89,0.8652321841118059
1OXXX6OO9,0.9987715184106492
XOXXXOOO9,0.999755859375
1OXOXX78O,0.6249994035970303
1OXOXXX8O,1.0
1234OXXO9,-0.2548844643672198
123XOXXOO,-0.54296875
1OXXOXXOO,-0.9999999999417923
OX34OX7OX,0.8681640615686774
XOX4X6OO9,0.6227722092298791
XOX4X6OOX,1.0
1XO4XX7OO,0.933097839348136
1XOXXX7OO,0.9999999999999996
XO3XX67OO,-0.6250000018626451
XO3XX6XOO,1.0
XO3XXO78O,0.49169824877390056
XO3XXOX8O,1.0
1O3XX67O9,0.999911754794876
XO3XXX7OO,0.9999999998835847
OOX4XXO89,0.749908447265625
OO34OX7XX,0.4999990463256836
OO3XOXOXX,0.998046875
OOXXOXOXX,1.0
1O34XX78O,0.827984605097281
XO34XO789,0.9667966327813413
XO34XO7XO,-0.26342476811236537
1X3OXO789,0.9372465827391174
1X3OXOX8O,0.9921798706054688
1XXOXOX8O,0.99993896484375
12X4X6O8O,0.580953363790818
1XO4X6O89,0.3714564963811372
1O34OXX89,0.5742160939549434
1O3OOXX8X,0.999999999996362
1O3OOXXXX,1.0
1X34OOXOX,0.4777772835726633
1XOXOOXOX,1.0
123XXO78O,0.48993476160068805
OX3XXO78O,0.9997556805574277
OX3XXO7XO,0.9999999850988388
12O4X6X8O,0.49831407687667506
1XO4XOX8O,-1.0
1OXO5XXO9,0.9999999925494194
1OXOXXXO9,1.0
X2OO5XX8O,0.5
X23OOX789,0.12658382261902296
X2XOOXO89,0.9999999999981224
X2XOOXOXO,1.0
XXXOOXOXO,1.0
XO3O5X789,0.7477382424517077
XOOO5X78X,0.9960937490686774
XOOOOXX8X,1.0
1OX4OXXO9,-1.0
12O4XX7O9,0.8398162498522601
12OOXX7OX,0.9121050534231472
X2OOXX7OX,1.0
XX3O5XO8O,0.859374999998181
XXXO5XO8O,0.9999999850988388
O2X4OX789,0.11669539634021908
O2X4OX78X,1.0
XOXOXXOO9,0.9999980926513672
XOXOXXOOX,0.9999980926513672
O2O4XXX8O,0.9999999981226892
O2OXXXX8O,1.0
XO3O5XXO9,-0.5
12XO5XO8X,1.0
X2XO5678O,0.9677179138114961
XXXO5678O,1.0
OO3X567X9,-0.5239665806293632
OOXXO67X9,0.9993867277939317
OOXXO6OXX,1.0
123XOO78X,0.33177798246682344
12OXOO7XX,-0.0625
12OXOOXXX,0.9999990463256836
X23O5OOXX,-0.625
X23OXOOXX,0.9999999999999929
1OX4OXX8O,-0.6249980928841978
XOX4OXXOO,-1.0
X23OO67X9,0.4118136568781266
X23OOX7XO,0.5009844601185004
XXOOOX7XO,0.5
X2OX5678O,0.99169921875
X2OX56X8O,1.0
1O3X56X8O,0.34056067463640716
1OOXX6X8O,-0.00048828125
1OOXXXX8O,1.0
123XO6O8X,-0.052529285855700825
12OXO6OXX,-1.0
X23X56O8O,-0.6386967293422405
X23XO6OXO,0.4805029032886522
12XX5XOOO,-0.9999999990686774
X23XOO789,0.9898071210801423
X23XOO7OX,0.9374997615523131
X23XOOXOX,1.0
1O3XO6X89,-0.006103516207531801
XO3XO6X89,1.0
O2OX56XOX,0.029772278852760736
1X34O67XO,-0.9963264137278185
OXX4O67XO,-1.0
O2345OXXX,1.0
XOOX5O78X,0.93743896484375
XOOX5OX8X,0.9999847412109375
12X4OX7O9,0.5156287987186656
1XX4OX7OO,0.74951171875
XXX4OX7OO,1.0
O23X56O8X,0.5244506447616628
OO3X56OXX,-0.2535400546621531
O2XX5OXO9,0.99609375
O2XXXOXO9,1.0
OX3X5O7OX,0.5
OX3XOOXOX,0.5
X23X5OX8O,1.0
1O3X56O8X,0.7571796065114483
XO3XO6O8X,-0.90625
XO3XOXOOX,-0.999999999992724
1XOXO6OX9,-1.0
1OO4OXXX9,0.9372558592585847
1X3OX6OX9,1.0
1O34OXOXX,-0.75390625
1OX4OXOXX,1.0
1OXOX6X89,1.0
X2XOOO7X9,-1.0
12XOOO7XX,-1.0
1234OO7XX,0.999645205679565
12X45OO8X,0.35009101121540387
O2X4XOO8X,0.4529418051024544
OXXOXOO8X,-0.9999999999999432
1O34X67XO,0.021228619558511297
1OO4XX7XO,0.49779459787532687
1OOXXX7XO,0.999999999996362
1XOXXO78O,-1.0
1234OX7XO,0.10238639184286402
1O3XOX7XO,0.15002056199563185
OO3XOXXXO,-0.9999999999995453
1O34XO7X9,0.24766796696428806
OO34XO7XX,0.999996185302706
OO34XOXXX,1.0
12O45X7XO,-0.5552648345934617
OXO45X7XO,0.25
OXO4OXXXO,-1.0
XXO456OXO,-0.5
O2O4XX7XO,0.9999694526190979
O2OXXX7XO,0.9999999995343387
1X34X6OXO,1.0
12OXOX789,-0.6196165268597216
X2OXOXO89,-1.0
1O34OX7X9,0.47239020675506654
OOX4OX7X9,-0.125
OOX4OX7XX,0.9999999850988388
X23OOO7XX,-1.0
123OXO7X9,0.9997520408937817
X23OXO7XO,0.9999921321577858
XOXOXO7XO,1.0
1X34XO7XO,1.0
X23OX67OX,1.0
O2XOXO7X9,0.999755859375
O2XOXOXX9,0.9999923706054688
123OX67XO,0.5463942956266694
12XOX6OXO,0.9916876554469809
1XXOX6OXO,1.0
O2O4X678X,0.5124631500031427
OXOOX678X,0.8730468591675162
OXOOX67XX,1.0
12XXX6OOO,-1.0
12O4X6XO9,0.7398434543483653
1OOXX6XO9,0.9921874999999929
1OOXXXXO9,1.0
OXXXO67O9,-0.17674492945664577
OXXXOX7OO,-0.9999999999999982
O2X4567OX,0.8559221923023348
OXX4O6789,0.39382464929902494
OXX4O6X8O,-1.0
1OXX5OO8X,0.6250152590207563
12XO5OOXX,-0.515380859375
O2XOXOOXX,-0.9999999962747097
1OXX56O89,0.6625393264937758
OOXXXOO8X,0.5
12X4XO78O,0.9843692684267612
XOX4XOX8O,1.0
OOX4XXO8X,1.0
12X45XOO9,0.865234375
12X45XOOX,1.0
OXXOX6X8O,1.0
1234XO7OX,0.7110013426602015
X234XO7OX,1.0
O2X45X78O,0.9678829092866787
O2X4XX7OO,0.9999999403808032
O2XXO67OX,0.624969422817216
O2XXOX7OX,1.0
1OXOX6789,0.6826134274286911
XOXOX67O9,0.9999999998831299
XOXOX67OX,0.9999999999999982
X2O4567OX,0.9271385516330777
X2O4X67OX,1.0
OX3OX6XO9,0.9999999701938087
OXXOX6XO9,1.0
OXO4X6XO9,0.5000610463321209
OXOXXOXO9,0.5
OOX4XO78X,0.9138183575114452
OOX4XOX8X,1.0
OX3XX67OO,0.8749923556460573
OXXXX6OOO,-1.0
OXX4X6OO9,-0.24987409805180505
OXXOXXOO9,-1.0
12XOOX78X,1.0
O2X4X6OOX,0.9980446956894827
O2X4XXOOX,1.0
OOOXX67X9,-1.0
O2X4X6XO9,1.0
X2XOOO78X,-1.0
O2O4XX789,-2.1639577436616264e-06
X2X4O6OXO,0.9062442779540443
XXX4O6OXO,1.0
123OX67OX,0.9999999988360765
O2XOX6789,-0.26025465913074225
1XO45X7O9,0.5272261815716365
1XOO5X7OX,0.49999999432318987
OOXOX678X,0.8749957084655762
OOXOXX78X,1.0
X2O456X8O,0.9084252729659502
XO3O5OXX9,0.75
XO3O5OXXX,0.9999847412109375
XOO4X678X,1.0
X2345O789,-0.20541362371048116
XX3OXO78O,-0.0009841918954407447
XX3OXO7XO,0.9999999999999929
X23O5O78X,-0.001007080078125
XO34OX7XO,0.5000610351562502
XO34X6O89,0.9628918007002263
XO34X6O8X,1.0
OOOX56XX9,-0.9999999999854481
X23OO678X,-0.07935406977174453
X2O45OX89,0.9999999604162313
X2345O7XO,0.22637670093172346
X23XOO7XO,-6.112828850746155e-05
X23XOOXXO,1.0
XXX4OO7XO,1.0
OX3XXOO89,0.9995117038342869
OX3XXOOX9,1.0
OXOXX6O89,0.99609375
OXOXXXO89,0.9999999995343387
O2XXX6OO9,-0.2656264901197574
O2XXXXOO9,1.0
OX3XXX7OO,1.0
O2X45O78X,-0.27137002960743184
O2X45OXOX,0.8749999960041348
O2X4XOXOX,1.0
OXXOOX789,0.998046875
OXXO567OX,-0.125
OXXOO6XOX,1.0
XOX4O6XO9,-1.0
OOX45XX8O,0.984375
OOX4XXX8O,0.9999999999999996
1OX4O6XOX,-1.0
1XX4OXO8O,-0.5625419616699219
OXX4OXOXO,-0.9999999999999991
O23456XOX,0.8834033584384269
OO3X56XOX,-0.7509462833403973
OOXXO6XOX,-1.0
X23X56XOO,1.0
XOX4O67OX,-1.0
O2X4O678X,0.9307820855669845
O2XX5XO8O,0.4375
O2XXXXO8O,1.0
OOO4X67XX,-1.0
O2X4O67X9,-0.545078198489582
O2XOO67XX,0.9999998807757038
12X45XO8O,-0.23092450234388895
12XO5XOXO,0.7581787109374991
OXXO5XOXO,-0.9999995231628418
X2X4OXO8O,0.49999809008591
XXX4OXO8O,1.0
X2X45XOOO,-0.9999999999708962
OOXX56O8X,0.8749618529109284
OOXX5XO8X,0.9999847412109375
X23X5OO89,-0.8225923925812488
X2X4OXOOX,1.0
X234O67OX,0.6476072192292102
XX3OO67OX,0.9528493823804638
XXOOOX7OX,0.49999999976716936
1O34X6XO9,0.4999693626217171
1O3XX6OXO,0.9999995194084477
1O3XXXOXO,1.0
O23XXOOX9,0.9980468728444976
O2XX5O7OX,0.5009768009185791
X2OX56O89,-0.989502315925258
XOOX56O8X,0.74609375
XOOXX6O8X,0.9999999999999982
1XO4XOXO9,0.4764366438574919
1XOXXOXOO,-1.0
12XOX6O89,0.5927807342526794
12XXOO7XO,0.3747558519134836
OXXXOO7XO,-0.9999999999990905
1X3OX67XO,1.0
OXX4XOOOX,0.5
OXOXX67O9,0.7421703299017395
OXO4XOX89,0.9999828335709182
OXO4XOXX9,1.0
OX34XO7X9,1.0
OOXXX6OOX,0.9999999999997726
OOXXXXOOX,0.9999999999997726
OXOXXX7O9,1.0
OOO4X6XX9,-1.0
XOX45OXO9,0.9999999997671694
XOXX5OXO9,0.99993896484375
O2XXXOO89,0.5048913956307363
OOXXXOOX9,0.5
O2X4XO789,0.9022777818744538
O2X4XOX89,1.0
1XOOXXO89,0.9997558593749969
1XOOXXOX9,1.0
O2OX5X7OX,0.8671875
O2OXXX7OX,1.0
1X34XO78O,0.8705820911558225
X2O4XXOO9,0.624725341796875
X2O4XXOOX,0.9999999999990905
12OOX6XXO,0.4842505454944188
OX3OO6XX9,0.52880859375
OX3OO6XXX,0.9999999999999999
O23OXXOX9,-1.0
X2OXO67OX,0.375
X2OXO6XOX,1.0
XO3456X8O,0.9647196274422699
XO3X56X8O,1.0
X2XOX6OO9,0.999969451862853
XXXOX6OO9,1.0
12OXO6XOX,0.7495096912607551
1OOX5678X,0.2717876434326172
1OOX5X7OX,0.46875
1OOXXX7OX,0.9999999990686774
1XOOX6XO9,0.6562194842845201
XXOOXOXO9,0.999969482421875
XXOOXOXOX,1.0
X2OX56OOX,0.671875
X2OXX6OOX,1.0
X2OXO6O8X,-1.0
12OX5OOXX,0.8671874999999716
XXOXO6OOX,-1.0
O2OXXO78X,0.2227550721513583
1XO4567OX,0.4819985950372465
1XO45XOOX,0.9685056805610657
OXO4XXOOX,1.0
XO3OXXO89,0.9999942774884332
XO3OXXO8X,1.0
X2OO567X9,0.898100102845991
X2OOXO7X9,0.499908447265625
X2OOXOXXO,-0.9999999999999996
XO34X67O9,0.9374837838108102
XX3OO6789,0.10487840537041587
XXXOO6789,1.0
X234OOX89,0.9599568435223517
X23XOOX89,1.0
XOXO56XO9,0.625
XOXO5OXOX,0.9375
XOXOXOXOX,0.9375
O2X4O6OXX,0.5624904613359822
O2X4OXOXX,1.0
X2OOXX7O9,0.7478008190444143
X2OOX6789,0.7874905884468677
X2OOX678X,1.0
123XOOX89,0.9999999925302749
XXOO567OX,0.6127929682843387
XXOOX67OX,1.0
XXO4O6789,0.37832906921223136
XXOXO67O9,-0.251953125
XXOXO6XO9,1.0
XX34XOOXO,1.0
XXOXO6O89,-1.0
12X45OOX9,-0.20566236933524584
1XX45OOXO,0.9960937425494194
1XX4XOOXO,1.0
123O56OXX,-0.016047863056883216
12OO5XOXX,-0.9921875
1XOOOXOXX,-0.9999999999990905
OXX4OOOXX,0.4999999998835847
O23456XXO,0.16239157049668618
O23OX6XXO,1.0
OX3OX6XXO,0.9999999999998863
X23O56X8O,0.5002032218817849
X2OO56XXO,0.2070082710117666
XXOO5OXXO,-0.9990234375
123X56OOX,0.8569273160901503
1X3XO6OOX,0.7441329925780789
1XOXOXOOX,-0.9999999999854481
X2OX56OXO,-0.5000304877758026
XOX45678O,0.895362485008961
XOXX5O78O,0.6249999999999991
XOXX5OX8O,0.9999961853027344
X2OXX6O8O,0.6248623728752136
X2OXXXO8O,1.0
X2X4567OO,0.8690602778804077
XXO45678O,-0.10815481492714868
1OX45X78O,0.4216123277867173
1OX4XX7OO,-0.5000152606517219
1OXXXX7OO,0.9999999990686774
XOXX56O8O,0.12451063071785029
XOXXX6OOO,-0.9999999999999999
XOXX567OO,0.5
XOXX56XOO,0.9999998807907104
X23XO678O,0.9998653315995778
XXO4OOX89,0.49847698118531936
XXOXOOX89,1.0
XXXOOXO89,0.9999999999990905
X2X456O8O,-0.2539062799355961
XXX456O8O,1.0
XX34O67O9,0.9156739083876633
XOX456O89,0.2565971045248308
XOX4X6O8O,0.45495448984729325
XXX45OO89,0.9999999999999999
XXO4O6O8X,-1.0
12OXXO7OX,0.984352111805336
1O3XOOXX9,0.99951171875
XO3XOOXX9,0.9999999999999982
12O4OXXXO,0.4768066556367817
O234OXXXO,-1.0
X2XOX6XOO,1.0
XO345XXOO,0.623046875
XO3X5XXOO,0.99951171875
1OOX56XXO,-0.1875
OOOX5XXXO,-0.9999997615814209
X2OO56XOX,0.9843749551800929
X2OOX6XOX,1.0
X2X45OXOO,0.998046875
X2X4XOXOO,1.0
XOX45O789,0.8343446742662859
XOX4XO7O9,0.9999961252324274
XOX4XO7OX,1.0
O23O56XXX,1.0
X23OXOX8O,0.48339623210620175
X2XOXOX8O,1.0
12O45OXXX,1.0
X2345OX8O,-0.21112066717276545
X23X5OXO9,1.0
X23OO6OXX,3.814770025201142e-06
OOX456XOX,0.9999999960273271
OOX45XXOX,1.0
OO3456XXX,1.0
XOO4O6X8X,0.9999995226971801
XOO4O6XXX,1.0
1O3OX6X89,0.9999999072439463
OX34O6XOX,0.5937500038417058
O2XXOX78O,-1.0
XXOO5OX89,-0.9926719665527344
1O3O56X8X,0.7419432103593788
1O3O56XXX,1.0
12OOOXX8X,0.9921853531827762
12OOOXXXX,1.0
1OXXO6XO9,-1.0
XX3OOOX89,-1.0
X23O5OX89,-0.38155672113087935
X2XOOOX89,-1.0
1XOXOOX89,0.9999998807325019
X2XO5OX8O,0.3749995231628418
1O3OXX7XO,0.5000000018667663
1X34XOOX9,1.0
12O456XOX,0.4818609599102807
XO3XOX7O9,-1.0
123X5OXO9,0.9999999911524355
1OO45XXXO,0.265625
O23X5OX89,0.5435041918176524
OOXX5OX89,0.9990234375
OOXXXOX89,1.0
XOO4O6XX9,0.9999999999999991
XOOXO6XX9,0.9999999999998863
XX3O567O9,0.9988940631683865
XXXO567O9,1.0
OX34OXXO9,0.3906287255222195
OXO4OXXOX,0.5
1OX4O6X89,0.47048866976911435
1OX4OOXX9,0.9687423706053548
1OX4OOXXX,1.0
1OOX56X89,-0.5078163146972656
XOOX56X89,1.0
1XO456X8O,0.5048454644107946
1XO45XXOO,0.686767016450176
1XOXOXXOO,0.9999999999708962
12O45OX8X,0.9803880452349857
1O3456XOX,-0.6466037902112759
XO34O6XOX,-1.0
123O56XXO,0.6425908561589888
1X3O5OXXO,0.75
1X3OXOXXO,0.9999999999999929
1XOO56XOX,0.5000002382474804
OOX4OXXXO,-1.0
O2XXOO7X9,0.47660544189386606
O23OOXXX9,0.97265625
OX3OOXXXO,-1.0
1O3O5XXXO,0.482421875
XO3OXOX89,0.9999380107037437
XOOOXOXX9,0.999969482421875
XOOOXOXXX,0.999969482421875
XOO45XXO9,0.999267578125
XOO4OXXOX,-1.0
1OXO56XXO,0.98046875
1OXOX6XXO,1.0
1X345OX8O,0.14004898071289062
OXX45OX8O,0.4765625
OXX4XOX8O,1.0
1OO456XX9,-0.00033217668533325195
1OO456XXX,1.0
XO3X56XO9,1.0
1X3OO6XOX,0.6626583373945338
O2O4OX7XX,0.99969482421875
O2O4OXXXX,1.0
OX345OXOX,0.5098574757562124
XXO4O6X8O,0.9994735419750138
XXOXO6X8O,1.0
XX3OOX78O,0.9979248046802098
O2X4OOXXX,1.0
OOX45OX8X,0.9999994025565684
12XOX67O9,0.43455408327281386
1OXXOX7O9,-1.0
XO3XOO78X,0.4921567418787163
XO3XOOX8X,1.0
12XXO678O,-0.37978216078000526
XOXXO678O,0.937469240278002
XOXXO6X8O,1.0
XO345OXOX,0.999755859375
XO34XOXOX,1.0
OX34OO7XX,0.984375
OX34OOXXX,1.0
X2OO5678X,0.9677667617797852
1XX45O7O9,0.9921264629808775
XXX45O7O9,1.0
XX345OO89,0.825347900390625
XXXXOOO89,1.0
OOXX5O7X9,0.991584599018047
OX3O5678X,0.04497231796884879
OX3O5OX8X,0.9999997587874532
OX3O5OXXX,0.9999999962747097
12XX5OXOO,0.9296875
12XXXOXOO,1.0
X23OXOXO9,0.9999999990667727
OOO45X7XX,-0.999999999998181
1XO45OXOX,0.9958486550603958
XXO4OOXOX,1.0
1XOXOXO89,-1.0
OXX456OOX,0.8671169279841706
OXX45XOOX,0.9999995231628418
1X345XOO9,0.9482421875
XX34OXOO9,0.9916976689419243
1O3XO6OXX,0.7729096242903788
1OXXOOOXX,0.5
1OXOX6O8X,0.9374999999990905
1XXOOX7OX,0.9999999999999999
O23OX6OXX,-1.0
XXO456OOX,0.498046875
XXO4X6OOX,1.0
X2XX5O7OO,0.90234375
X2XX5OXOO,0.9990234375
1O345X7OX,0.91949462890625
1O3OXX7OX,0.9999999998835847
1OXOXX7OX,1.0
OXX4O67OX,0.9999389646109194
OXX4OX7OX,1.0
1O3O5XXOX,-0.0625
1OXO5XXOX,0.9999961853027344
OX34567OX,0.5779709871699743
1OXO5X78X,1.0
OOXX56789,0.9581824489486777
1OXXO67OX,-1.0
1XOOXX7O9,0.5019531291927706
1O34OX78X,0.8513158559671501
1OX4OX78X,1.0
OXO4X67OX,0.5000000000036393
OXX45O7OX,0.5000000000000002
1O34OXXOX,-1.0
123OO6XXX,1.0
12O4OXOXX,-1.0
X2XO56O89,0.9218729650955004
XXXO56O89,1.0
XO3O56XXO,0.5
1OX45OXXO,0.9375
1OX4XOXXO,1.0
1XX4OXOO9,-0.0019550323486328125
OOX456XXO,0.796875
OOX4X6XXO,1.0
OOO45XX8X,-0.999999999998181
OXO45XX8O,0.738035669528017
O2O45XX89,0.38797427179053234
OOO4XXX89,-1.0
1XO4OXX8O,-0.6015620179241523
O2O456X8X,0.9999999999487826
X23OO6XXO,0.4999999999999999
1234OXO8X,-0.5054322488435994
OX34OXO8X,0.3437194526195526
OXX4OXO8X,1.0
1X3X56OO9,0.4384708853904158
OX3X5XOO9,-0.75
OXXX5XOOO,-0.9999998807907104
O23XO6XXO,-1.0
OX34O6X89,-0.2670969593165557
X23OOXX8O,0.5000081062318031
1X3X5XOOO,-0.9999999701976776
X2X4O6XOO,0.9994962215132261
XXX4O6XOO,1.0
O2X4OXX8O,-1.0
XOO4XX7O9,0.9999999998974545
XOO4XX7OX,0.999999999998181
O2OOXXX89,0.2325283312380862
X234OXOXO,0.3340492545679295
1OX4OX789,0.5461683072262639
1XX45XOOO,-0.9999999997671694
12O45XXO9,0.807518977407607
1XOO5XXO9,0.5
12XXOOOX9,0.5039062445430162
1XXXOOOXO,0.9999999995343387
1XOOXX78O,0.9940181970577963
1XOOXX7XO,1.0
XXO4OXXOO,1.0
1X3O5XOOX,0.96826171875
O234XOXXO,0.9990234365682156
O2X4XOXXO,1.0
12O4O6XX9,0.9999995230318734
1XO4O6XXO,-1.0
XXO4OOXXO,-1.0
12XXOO789,0.7330270382595865
X2XXOO7O9,0.9990234368010533
OXOX56XO9,0.500003807246685
XX3O56OXO,0.5
X23XOOO8X,0.4591519517540379
O2XXO6O8X,0.8740186689826713
O2XXOXO8X,1.0
1XX45OOOX,0.9842529296583962
1X34XOOOX,0.998931854963228
XX34XOOOX,0.9999999999999858
XXX456OO9,1.0
XX345O7O9,0.9814338679279899
XX3OOO78X,-1.0
12X4O6O8X,0.9995075664123229
XOX456OOX,-0.00024414439394604415
XOX45XOOX,0.9999961853027344
XXO45O7OX,0.9997556209564209
X2O4X6OXO,0.9062499403953543
XXO4X6OXO,1.0
1OXOXO7X9,0.9998016356835233
1XO4XXOO9,0.8437499999999574
XXO4XXOOO,-1.0
1O34XOOXX,0.9374923706054688
XO34XOOXX,1.0
X2XOOOXXO,-1.0
12X45X7OO,-0.7269920615820686
1OX45XXOO,0.625
1OX4XXXOO,0.9999999999999858
123OXOOXX,0.9995116945356131
O2OXOX78X,-0.9505586736486293
OOOXOXX8X,-1.0
1XOXOOXXO,-0.999999999992724
1XOX5XOO9,0.5
1XOXXXOO9,0.9999999999999929
OXXOX6O89,-1.0
12XO5X7O9,0.9890136718749858
12XO5X7OX,1.0
1X345X7OO,0.7165027704795555
XXOO5XXOO,0.5
1OO45X7X9,0.5805582489116361
1OOXOX7X9,-0.9998779296875
XOOXOX7XO,0.9999997615814209
1OX45XO89,0.8605995084025704
OOX45XOX9,0.96484375
OOXX5XOXO,0.9999999995343387
OXXO56OX9,-0.999999999996362
1X3OO6XXO,-0.3671798707218844
XOX456OXO,0.4999999999999978
O2XOO6X8X,0.8593749701940396
O2XOO6XXX,1.0
XOO456OXX,0.8671875
XOO4X6OXX,1.0
O2X4OXXOX,1.0
XOXXO6OOX,-1.0
O23XOX789,-0.7356315116493306
O2OXOX7X9,-0.99951171875
OXOXOXOX9,-0.9999999999999996
O234O6XX9,0.9999999993920596
1OXO5XOX9,-0.125
1OXO5XOXX,0.999755859375
1OX45O7X9,0.5164494531624436
1OXXXOX8O,1.0
XOXXO67O9,-1.0
1OXX56OXO,0.8750154963087526
O2XO567X9,0.4491996765136719
O2XO5OXX9,0.83544921875
OXX456O89,-0.4826810280953141
OXXO56O8X,-0.9999999999997726
OXOX56O8X,-0.0015873983502388
OXOXX6OOX,1.0
1XXXOOO89,0.9602965526282787
OXXXOOO8X,0.5
1X3O567OX,0.7508488839640356
XOXOXO789,1.0
XOXOXOX89,1.0
X2XO5O789,0.5893553492200994
OXOX567OX,0.531486556508753
X2X4O6O89,0.48093125277071636
XXXOO67OX,1.0
X234XXOOO,-1.0
X23XO6XO9,1.0
XO3OOX7X9,0.9804608814292506
1XO45O7X9,0.62109375
XO345X78O,0.5186347686721702
XO3XOX78O,0.749206542965112
XO3XOXX8O,1.0
XOO4X6789,0.8705271794775692
XOOXX678O,0.49016571044921875
XOOXXX78O,1.0
1XXO5X7OO,0.9609375
XXXO5X7OO,0.9999999962747097
XO3O5X7OX,0.9999990463243194
XO3OXX7OX,1.0
XO3XX6OO9,0.9685935973975575
XO3XX6OOX,1.0
XOX4OO78X,-0.8124999999708962
XO34XOOX9,0.7497528195301486
123XOX7O9,-0.9879951200200594
X2O4O6OXX,-1.0
1XOOOX78X,0.5851537909038598
XO3O5678X,0.93359375
O2XO5X789,0.8592184782019103
XOX45OO8X,0.9819331163996878
12O4XXOOX,1.0
XO345XOXO,0.6328125009312089
O23XX67O9,0.8865883238689847
O23XXX7O9,1.0
OX3O56XOX,0.6014862059237203
OXXO5OXOX,1.0
12X4XOOOX,0.9921869933523337
X2X4XOOOX,1.0
1XXO5O7OX,0.9921875
12XXO6OXO,0.505858663936988
O2XX5OO8X,0.5
12XOXXOOX,1.0
1OXOXX7O9,0.999999880790483
1OX4X6OOX,0.9999999999727116
OXXO5X7OX,0.9921875
X2XO5XOO9,0.9999580383300781
X2XO5XOOX,0.999969482421875
12XOOX7XO,-0.06145268679826554
OXXOOX7XO,-1.0
12XXOO7OX,0.437984044667246
XOXOOX789,0.9980468600988388
O23X567XO,-0.6245133896591142
OO3XX67XO,-0.12909317016601562
OOOXX6XXO,-1.0
1OO4XXOX9,0.92962646484375
XOOOXXOX9,1.0
12XOO6X89,0.8420766742053494
12XOOOXX9,-1.0
O23XOO7XX,0.8742673397064209
O23XOOXXX,1.0
OOOX56X8X,-0.9999999999998863
1O3X567OX,0.36574553226455464
1O3XXO7OX,0.9996947944164276
XO3XXO7OX,0.9999999999998863
123O56XOX,0.8815813427634799
123OOXXOX,-0.7814941518008709
123OO6X8X,-0.2565007320236312
XO3OO6X8X,-0.25805675983428955
XO3OO6XXX,1.0
1XO4OX7XO,-0.62451171875
XO34X6OXO,0.5000010132790181
OO34XX7XO,0.9999961843641358
OO3XXX7XO,0.9999999999997726
123XO6OX9,-0.06545557378043532
OXXXOOOX9,0.5
1X3X5OOXO,0.9921875
1X3XXOOXO,1.0
1O3XXO7XO,0.524513337718259
X2XOOXO8X,1.0
O23XOX7XO,-1.0
1X3OO67X9,-0.3902938191365242
1XXOO6OX9,-0.375
OXXOO6OXX,-1.0
1234XOOX9,0.6813819181786845
1OO4X67X9,-0.30182752039464444
O23X5O7X9,0.557710610901246
OO3X5OXXX,0.9999980926513672
12X4OOOXX,0.4065245436231568
X2O45OXOX,0.999999713152647
OXO4OXX89,0.8257064223173529
O23OXX7XO,0.4999160738661883
O2XOXXOXO,-1.0
1O34XXOXO,0.999877922235946
O2XX5OOX9,0.8827514649010499
OOXO5X7X9,0.980224609375
OOXO5X7XX,0.9999847412109375
1XX4567OO,0.7495649899356067
1X34OO7X9,-0.9531698846529099
1XXOOO7X9,-0.9999999999999996
OX34OXOX9,-0.96875
OXO4OXOXX,-1.0
XOO456XXO,0.7499977946262106
XOOX56XXO,0.9999999962747097
OOX4X67XO,1.0
OX3OO67XX,-0.7529296875
OX3OOXOXX,-0.9999999999999964
O23XXXOOX,1.0
12X45O7XO,0.8693999541006112
X2X45OOXO,0.9881591796875
XXX45OOXO,0.9999847412109375
1X3O5OOXX,0.75
1X3OXOOXX,0.9999997615814209
O2XX5O7XO,0.36327742040154465
O2XXOOXXO,-1.0
12345OXXO,0.010258730820707385
OX345OXXO,-0.25
OX34XOXXO,1.0
123O5OXX9,-0.03686714172363281
O2OX56OXX,-0.9960937499999432
OXOXO6OXX,-1.0
OOOX5XOXX,-0.9999999403953552
1X34XOXOO,0.9999980926076546
1XX4XOXOO,1.0
1OX4XO7XO,0.9998774435371158
XX34OO7XO,-0.015625
OX34OX7XO,-1.0
XXOOO67X9,-0.9991607666015625
XXOOO6XXO,0.4999999999999999
1O3XXOOX9,0.5
OO3XXOOXX,0.5
XOX45X7OO,-0.2617187500001137
XXOOXO789,0.9980378150938805
XXOOXO78X,0.9999999999999858
XX3O5678O,0.6864852746892042
XXOO5O7X9,0.5
XXOOXO7X9,0.9999999999417923
XXOO56OX9,-0.625
XXOOX6OX9,0.9999999999999432
XXOOOXOX9,-0.999999999996362
OX34O67X9,-0.8564448432924758
OX34O6OXX,-0.8125
XOO4OX78X,-0.9999999997671694
XOO4OXOXX,-1.0
12OXOXO8X,-1.0
1XXOOXO89,0.9997558593457825
1XXOOXO8X,1.0
XX34O6XOO,1.0
OXOXOXXO9,0.5
XXX4OXOO9,1.0
12O45XOX9,-0.318359375
1XO4OXOX9,-1.0
1XO4OX7OX,0.4930305471362429
OX3XO6X8O,-1.0
OO34OXX8X,0.9980468745270592
OOX4OXX8X,1.0
O2XXO6OX9,0.05337536116757846
XOX4OXO89,0.5937461823922661
1XO4O6XOX,0.5
OXOXO6XOX,0.5
XO34OOX8X,0.625
XOX4OOXOX,-0.999999999998181
12OX5OXXO,-0.9999999999990905
X2X45O7O9,0.9999652276705824
X2345O7OX,0.9831541459598152
XX3O56XOO,0.998046875
XXXO56XOO,0.9999999999999996
O2XOX6XXO,1.0
X23OO6XOX,-0.9062499999999998
X2XOOOXOX,-0.9999999999999996
XOXXOO7XO,1.0
XXOOO6X89,0.49995419763854443
XOO4X6XO9,0.9999999999999969
XOOXX6XO9,1.0
XOXX5OO89,0.5156249999980069
XO3OX6XO9,1.0
XOXOX6XO9,1.0
X2OOX6XO9,0.9999989788047969
XO3OX6789,0.9999891809420847
XO3OX67XO,0.5
XO34OX7OX,-1.0
XOO4OX7X9,-0.06250774869295672
XO3X5O789,0.6249057777157816
XO34OXOX9,0.24218175560396227
XOOX56OX9,-0.375
XOOXOXOX9,-0.9999999999999991
X2O4X6XOO,0.8515624701971658
O2OXOXOXX,-1.0
X2OO5XO8X,0.984375
XOOO5XOXX,0.9999999997671694
XO34OO7XX,0.9843690599373076
XO34OOXXX,1.0
XXO4OXO89,-1.0
X2OOOXX89,0.5000340938577238
XOOOOXXX9,1.0
12XXOXO8O,-0.24999998882418606
X2XXOXOOO,-1.0
XXOXOO7XO,-0.9999999999995453
12XOOOX8X,-1.0
XOOOX6X89,0.9998607635493426
XOOOX6X8X,1.0
O2XOO6XX9,-0.001953125
1OXXOO78X,0.5038897897758865
1OXXOOXOX,-1.0
X23O56OX9,0.9985136515258057
X2OOOXOXX,-1.0
X2OOOX7X9,0.314456946475729
XX3OO6OX9,0.875
XXXOO6OX9,0.9999999999990905
X2OXOO7X9,0.994384765625
XX34OOOX9,0.7490234375
O23O5XXXO,0.9988250732421875
O2XOOXXXO,-1.0
12345XOXO,0.13554333896483084
123XOXOXO,-0.99609375
12X4OXOXO,0.4111385342844045
O23X5O78X,0.5035086366045622
O2OOX6X8X,0.8437499990685635
O2OOX6XXX,1.0
XX3O56O89,0.6865234375
O2OOX6XX9,0.6874999999997726
123OXOXXO,0.991943327709464
12XOXOXXO,1.0
X23O5OXOX,0.8671874990686774
O23OX6X89,0.9654208658877685
O2XX5OX8O,-0.500244140625
XOOX5XXO9,0.9999999925494194
1OO4X6XXO,-0.7890622988343235
123XO6X8O,-0.23022464849060498
O2OO5XXXX,0.9999999990686774
1O3OX6XOX,0.9999990460637482
O23OX6XOX,0.7499998207052825
O2OX5XXO9,-0.06640625
OX3XOOX89,0.5311175251790705
12XXOOX8O,-0.6565018973778933
O23XO6XOX,0.49999990830059443
OXX4O6OX9,-0.999998544342934
OXX4O6O8X,0.9374884214266714
1X3XO67O9,0.837263759559727
XX3XOO7O9,0.9999980926513672
XXXXOO7O9,1.0
1XXO5678O,0.405760757625103
1X34OXO89,-0.8683939622806474
1XO4OXO8X,-1.0
XXOOOX789,-0.06841660698415486
X2OXXO78O,-1.0
1X3OX678O,0.6215719172906775
OX34XXOO9,0.8749980926513672
OX3XXXOO9,0.9999999999999999
OX3OXO78X,0.9994964594370686
OX3OXO7XX,0.999999999996362
OX3OXX7O9,-0.22949814051527784
1OO4X6X89,-0.5997058315433248
XOO4X6X8O,0.9989571571341003
XOOXX6X8O,1.0
OX3XO6789,-0.14668552867362494
XX34XOOO9,0.9990234375
1X3OX6O89,0.8744343359720117
1O3XXOXO9,0.9999999999998854
1OXXXOXO9,0.9999999999999858
1OOX5OX8X,0.9374690055847168
XXO4X6OO9,0.9330444335937498
1X3456OXO,0.3100900650024414
O23OXX7OX,0.8432540874916814
O2XOXX7OX,1.0
O2O4XXO8X,0.24999992409721017
OOO4XXOXX,-0.9999999999999964
OOXXX6O89,0.9999997615218486
X2XO5OO8X,0.999969482421875
XXXO5OO8X,0.9999999999997726
X2OOX6X8O,0.4989469591527951
O23X5OXOX,0.5038986215367913
O2OXXOXOX,0.5
123XXOOOX,0.9999847411963856
X23XXOOOX,1.0
XX34XO7OO,-0.000244140625
XXO4XOO89,0.8740233178250492
XXO4567O9,0.36687898253188755
XXO4X67OO,-0.9992661448195577
1X3XOO789,0.39259062413592066
XX3XOOXO9,1.0
XXXXO6O8O,1.0
12O456OXX,-0.7539110207313895
OXOXO6XXO,-1.0
XOO4XO7X9,0.359363518596183
XOO4XO7XX,1.0
12XXO6XOO,0.96875
X2XXO6XOO,0.9999999999999716
X2XXOO78O,0.9999999999986358
OOX4XO7X9,0.9995555834584409
12X4OOXOX,-0.9999999776482511
12XX5OO89,0.5942333159272066
12XXOOO8X,0.5000648498535156
1OXXO6OX9,0.5001220700796996
OXXXOO789,0.21874711650751338
OXXXO678O,-1.0
X2XXO67OO,-2.421511453576386e-07
OOXXOXOX9,0.9999999850988388
OXXXO6XOO,-1.0
O23XOOX8X,0.9785001125419153
OXXXOOX8O,-1.0
1XXXOO7O9,0.9995035156607628
1OX4XXOOX,1.0
OOXXOO7XX,1.0
OX34XOXO9,0.8730423445813353
OXXXO6O89,-0.2498017247197305
OOX4567X9,0.99838254161817
OOX456OXX,-0.148468017578125
OOX45XOXX,0.9999995231628418
1OOOXX7X9,-0.673362733416059
OOOOXX7XX,-1.0
OOX4O6XX9,0.9677731981464603
OXX45XO8O,-0.875
1OXOX6OX9,-0.3368064758838296
OOXXO678X,0.874725341795738
1OX4O6XXO,-0.12727475486244078
OOXXO6XXO,-1.0
1OXXO67XO,0.18704221497353635
12X456OOX,0.9960936305486898
XX34O678O,0.9457672606851067
XOX4O6O8X,0.9843129478390438
XOX4OXO8X,1.0
X2XXOOX8O,1.0
OXXOO678X,0.9999389648437482
OXX4O6XO9,-0.24999987281632396
12O4XOOXX,0.9999999999988631
X2O4XOOXX,0.9999999999999716
OXO45X789,0.21322538191871337
OXOXOX789,-0.6240234375
O2O4X6XXO,-0.07812696695327759
XOX4OO7X9,0.623103906516935
X2O4XO7XO,-1.0
XOXOOXOX9,1.0
O2OXX67XO,0.7499380111694336
1XXOOOOXX,-1.0
X2X4OO789,0.2905114842576033
XOXXOO789,0.7181386947631836
XO3OO6XX9,-0.640686124563274
OOX45678X,0.9999999999945162
XO3O5X7XO,0.5
X2OX5O7XO,-0.9999999990686774
OXXOOOX8X,-1.0
X2O4O6XXO,0.9998778700827415
1XOXXO7O9,0.19580837106297533
XXOXXO7OO,-1.0
12XOXXO8O,0.2846708297729602
1XXOXXOOO,-1.0
X23OXXO8O,0.5017989270928327
O234OX7X9,0.06125290034833597
OO34OXXXX,1.0
X23OOXOX9,0.996093749999913
OO3X5678X,-0.2959268728894764
OOOX5X78X,-0.9999999999997726
X2OXOOXX9,1.0
1OXXOX78O,-0.2264404296875
1OX4O6OXX,0.8749999999853344
XO34OXX8O,0.7498149852469815
12XXOOXO9,0.1873130647254584
X2XXOOXO9,1.0
X2X4OX7OO,-0.1250325441367579
X2XOOX78O,0.9355401378122679
OOXX56XO9,-0.09375
OOXXOXXO9,-0.9999999403953552
OXXO56789,0.10442711436899699
1OXX56XOO,0.96484375
1X3OXXOO9,-0.4995765686181244
XXOOXXOO9,0.9999999999999998
XOX45O7XO,0.9997557876390601
O2XXOOX89,0.29690558047196447
XX3XO6OO9,-0.2509765625
O23XXO7OX,0.5703124999998296
O2X4OOX8X,0.9687499980063787
1OX45X7OX,1.0
O2OOXXXXO,1.0
OX34XX7OO,0.9999980926513672
X2O4OXX8O,0.982414122670888
X2OXOXX8O,1.0
1X3OOXOX9,0.251953124998181
1XO45OX89,0.3981857266043959
XXO45OX8O,-0.9999999997671694
1OXXOXO89,0.7187499403944457
XOXO56X8O,0.8612050712108612
OXO4O6X8X,0.9921827241769279
1XOXO6X8O,-0.5009765625
1XOO5X789,0.4033357492449474
1XOO5XO8X,-0.9999923706054688
XO3OOXOXX,1.0
XX34OO7OX,0.9999999850160739
OXOXO678X,0.4988781101122868
OX3XOX78O,-1.0
OXO45XXO9,0.5000334084106726
1XOOXXOOX,1.0
XXXOXOO89,1.0
XO34O6X89,0.29679831862350115
X2X4OOX8O,0.9999999999995453
X2XOOX7O9,0.4998626112628699
X2XOOX7OX,1.0
O2XOOXX89,0.8709401786327362
1XX4O6XOO,0.8705749501241371
OXXO5X78O,-0.501922607421875
OXXOXXO8O,-1.0
XOXOX6X8O,1.0
OX3XX6OXO,0.9999997615814209
O23XOXX8O,-1.0
1XOOO6X8X,0.9998464584204481
1XOOO6XXX,1.0
1X34O6X8O,0.5900502011218862
1OX4567XO,0.5290670297453133
X2OOO6XXX,1.0
1XOXOO78X,0.9999971388117501
X23OOXO8X,0.9960937051801011
O2XOX6O8X,-1.0
OXXOO67X9,-0.999755859375
12X4O6OX9,0.49472588705447873
XX3XOOOOX,0.999999999998181
1XX45OXOO,0.99993896484375
XXX45OXOO,0.9999990463256836
1OO4OXX8X,-6.157206422585659e-05
1O34O6X8X,0.9542140862868087
1XO45XO89,0.1867883146469419
O2OXXOX89,-0.4367675779394631
X2O4XX7OO,0.9999847412072994
X2OXXX7OO,1.0
12O4XX78O,0.8218382305688364
1XO4XXO8O,0.9999923686809638
O23XOXXO9,-0.9999923706054688
XOXOX678O,0.8027286509745863
XOXOXXO8O,0.5
1OO4X6XOX,0.8710923194885254
OOO4XXXOX,-0.9999999999995453
XOO456XOX,0.9999999999997726
XO3O5XOX9,0.9965800219215453
O2X45OX89,0.9015805710623681
XX3OX67OO,0.7498769611119007
XOX4X6XOO,1.0
XO34OXXO9,-1.0
OXO456OXX,0.5
OXOXXO789,0.49975583888590336
1XO4567XO,0.561767578125
1XOXO67OX,0.16626170970449988
XXOO5OXOX,0.9999999999417923
O23X5OXXO,0.0017163753509521484
O23X5XXOO,0.8125
1XXXO67OO,0.7187185286893509
XOOO56X8X,0.9999997317790985
XOOO56XXX,0.9999995231628418
X2XOX6O8O,0.9999999999108411
X2XXOOO89,0.9999989857892615
X2XO56OOX,0.984375
XXXO56OOX,0.9999998807907104
1OOXXO78X,0.9999942778958939
XOOXXO78X,0.9999999999999929
1X3XX6OOO,-1.0
XOX4XOXO9,1.0
X2X4XOO8O,-0.032288074966346336
XXX4XOO8O,1.0
XX34O6OOX,0.999324798467569
XX3XO6O8O,-0.129150390625
XXO4O6XO9,0.9999980874963423
X2XO56XOO,1.0
1O34XOXOX,0.9999994039535522
O23OXOX8X,0.9999999999417888
O23OXOXXX,1.0
OX3X5OX8O,-0.99993896484375
XOXXOXOO9,-1.0
X2X4OXOO9,-0.0039367685676552355
XX3X56OOO,-0.9999999981373549
XOXX5OOOX,0.999999999998181
XXOXO678O,-0.5324172973632812
12OXX6OXO,0.9980468749854481
1XOXX6OXO,0.9999999981373549
1XO4X6XOO,0.300460821017623
OX3XOO78X,0.5029296949506659
O2XO56XXO,0.3125
OXXOO6XXO,-0.9999998807907104
1XOOX6789,0.9875107013929947
1X34OOOXX,-0.998046875
O23XO6OXX,-0.2490042433805839
O2OX5O7XX,0.9998474121084655
XXOO56XO9,0.5937577411459791
XXOOX6XOO,0.5
1OOXX6O8X,0.87109375
1X3XXOO8O,0.4959716796875
1X3OX6XOO,0.7490229532113517
1X3XXOOO9,0.12202528899887621
OOXOXX7XO,0.9999999999999999
1OXOX67XO,0.9404286136777102
OOOOXXX8X,-1.0
X2OOXX78O,0.5000343397259748
X2OOXXOXO,1.0
OXOOXX789,-0.5312509695652532
1OOOXXX89,0.5584180358477155
1OOOXX78X,0.9833831787109375
XOOOXX78X,1.0
X23XXOOO9,0.9999999701976776
O234OX78X,0.7497167710818822
OXOXXOO8X,1.0
X2XOXOOXO,0.9999999997671694
XXXOXOOXO,0.9999999997671694
1O3XXO789,-0.08172463466063906
XOOXXO789,0.9373769760131836
1OXXX67OO,-0.12506103515625
123OXX78O,0.2057973842402579
O23OXXX8O,1.0
123OXXXOO,0.9997558556437944
XOO4XX78O,0.9921512585113967
1XOOX67OX,0.9960937499854481
O23X5XOOX,0.9921836853027344
123OOX78X,0.8607954847366239
1OO4XXXO9,0.9531106948252273
O23XXXOXO,0.9999961853027344
1XO4XO7OX,0.9999084472656063
OOX4X6OX9,-0.48241805802081944
XX3OXO7O9,0.9999980591182975
XX3OXO7OX,0.9999999990686774
OO3XXO78X,0.17436552442607567
1O3XOXXO9,-1.0
1XX4O6O89,0.8751687058130907
X2OO5X789,0.8310474970069612
X2OO5XOX9,0.999603033061021
OX3OXXO89,-1.0
OXO4X6O8X,0.9960327148000943
OX3OX6O8X,-1.0
O2XO56XOX,1.0
O2OXX6789,0.37498474033782214
OX3X56XOO,0.6220683306419232
O23XXOXO9,0.8592527955770493
X2O4OOXX9,0.0
OO3OXX7X9,3.814697265625e-06
OXO45X7OX,0.5000312328338625
XX3XOOX8O,1.0
OXXX567OO,0.000244140625
1X3OOX7OX,0.7490195743739605
O2OX567X9,-0.9977762133021314
OOOXOX7XX,-0.9999999981373549
XXOX56XOO,0.9999999999999982
123OXXO89,-0.2119260304032612
O23OXXO8X,-1.0
XO345OX89,0.9999942766734757
O2345XOX9,0.2500000000693825
O23XOXOX9,-0.9999999962747097
XXOXOO789,0.9902343749999997
OOO4X6X8X,-1.0
OX3X5678O,-0.33251128068513935
OX3XX6O8O,0.999990463253198
OX3XXXO8O,0.9999999850988388
XXOOOOXX9,-1.0
OXOXX6XOO,1.0
OX3X56OOX,0.9682407912332565
OX3XOXOOX,0.9999999850988388
OX345XOOX,0.9990081787109375
OX3X567O9,0.48210849596807465
OOXXXO789,0.9998779110568985
X2OXO6789,0.7336647212500644
OOXOXXX89,1.0
OO34XX789,0.7499990426003786
OX3OXXXOO,1.0
O2X4X6X8O,1.0
O234XO7X9,0.5596787332336179
O23OXOXX9,0.9990234375
OX3OXOXX9,0.9999999995343387
XX34O6OXO,0.99609375
XOXO5X7O9,0.9609375
XOXO5X7OX,0.9999999403953552
1X3X5OOOX,0.9948730426767725
OXX4OOX89,-0.99993896484375
OXX4OOXXO,-0.9999998807907104
X2XOXOO89,0.9999999999999929
1OX4OX7XO,0.376907348588815
O2XOXXXO9,1.0
OXOXX678O,0.9999999986030161
OX3XOX7O9,0.412317268375773
1X3OXXO8O,0.718231201171875
OX3O5X789,-0.1358034656193544
OX3O5X7XO,-0.75
OXOO5XXXO,0.9999997615814209
XO3XXO7O9,0.9999694228160925
XO3XXOXO9,1.0
XOX456XOO,0.874999999996362
OXO45OX8X,0.74951171875
OXO45OXXX,0.9998779296875
O2O4OXX8X,0.8710937499918128
OOX4XX7O9,0.9921875
OO3XX6O8X,0.9997539520263636
OO3XXXO8X,1.0
OXX4X67OO,0.8115232884592842
OX3XO6O8X,0.40540265003787107
X23OX6OXO,0.9992637629619376
XX3OX6OXO,1.0
OX3OXX7XO,0.9999999999417923
12XOXO7XO,0.9999990384085322
1XXOXO7XO,0.9990234375
O234X6X8O,0.03051555153611929
O23X56OX9,0.7745408139260906
OX3456O8X,-0.13860486218310836
1XX4XOO8O,-0.12501955777406693
O2XOXO78X,0.9667815491557121
O2XOXOX8X,1.0
O2XXX6O8O,1.0
OOXX567XO,-0.28125
OXOX5O7X9,0.9375
OXOXXO7X9,0.9999999999995453
O2O4XOXXX,1.0
X2XOO67XO,0.6249990311910629
O234OXOXX,-0.0002617835998535156
12XOO67X9,-0.012072375331588503
OXX4X6O8O,0.30826568579777813
OXX4X6OXO,1.0
O234XOOXX,0.7792929410933667
OOXOX6XX9,1.0
1X3X56O8O,-0.13515212809438903
1X3XO6OXO,-0.749999525025487
OXO45O7XX,0.7499999999995453
OXOXOO7XX,0.9999999999995453
O2O4X67X9,0.9531173388072602
X2O4X6O89,0.9999999989829575
XOO45XO8X,-0.375
XOOXOXO8X,-0.9999999997671694
OOXOXX789,0.9999999995343387
XO34O6OXX,-0.5889899842363773
X2OOXO7XX,0.9921875
X234OX78O,0.609408019008463
XO3X5O7XO,0.5937499999995453
XO3X5OXXO,0.9999999403953552
XXXO5OX8O,0.999999999998181
XXOOO678X,-0.9998779296875
123O5XOX9,0.837956080663928
XX3OOXOXO,0.999999999998181
123XOOOXX,0.09387188031723742
O2O4XX7OX,0.9999959468759698
12XOOXXOX,1.0
OXXOO6X89,-0.7499999995198436
OX3OO6X8X,0.48388671826978324
X2XOO6O8X,0.9999999962747097
XXXOO6O8X,1.0
OX3X5OO8X,0.7500000004656613
OXXX56OO9,-0.9300769560411211
OXOO56X8X,0.9921863079071045
OXOO56XXX,0.9999999962747097
X2345X7OO,-0.093193323526922
X2O45XXOO,0.999969482421875
X2OX5XXOO,0.9999847412109375
OO3XOX7X9,-0.873046875
XOXO5OX89,0.9921875
OO34XOX8X,0.9999980925931595
XXXOXO7O9,1.0
123OOXOXX,-0.01953125
X23OXX7OO,0.8350212559116982
X2OXOO78X,0.9980392455472611
OXOO567XX,0.99609375
OXOOOX7XX,0.999755859375
1OXOOX7X9,0.7498168924212223
1OXOOX7XX,0.9999999999997726
XOOO5XXOX,0.9999999999998863
O2XOXX78O,0.9999961853027344
X2OOOX78X,-0.613208081573944
123O5X7OX,0.9374953469296378
O2X4567XO,-0.06250302123452975
O2XOX67XO,0.4960936903953552
123XOOXXO,0.99609375
O23X5OOXX,0.5002436637878418
O2345XO8X,-0.003023315337486565
O2OOXXOXX,-0.9999999999999998
1XO4O678X,-0.1940666496981328
XO3X5O7OX,0.9990233033895493
OOX4X6XOX,1.0
1OXX5OOX9,0.5
XX3OX6OO9,0.46872997283935547
12XXOXOO9,-0.0048828125
OXOXO67X9,-0.9999999850988388
12OXO67X9,-0.127061712304112
O2OXO6XX9,0.3046875
1O3XOOX8X,-7.629514584661656e-06
OXXXOXOO9,0.9921875
XOX45OOX9,0.5002446137368555
1XXXO6OO9,0.9999999993015081
OO3O5XXX9,0.99993896484375
OOXOOXXX9,0.99609375
OOXOOXXXX,0.99609375
O2XX5678O,0.38175835977636
O2XXX67OO,0.9374999403953551
1OOXXOOXX,1.0
12XOO6XXO,0.1250152587890625
XOXO56OX9,0.960936542397441
XOXO5OOXX,0.999999999992724
123X5O7XO,-0.05392920769983078
1XOOO67XX,0.4364013671875
1OO4XX7OX,-0.09375000465666983
1X3XXO7OO,0.5161131620407087
12XO5XXOO,0.999987602233884
XOX4O6X8O,0.9999637601395067
123XOO7X9,0.7775326368596803
1XOXOO7X9,-0.99609375
X23XOX7OO,0.6171875
X23XOXXOO,1.0
1X3OOXO8X,0.8359367698431015
XX34OOXO9,0.999511718742724
X234OOXXO,0.9997557625174522
XOX4XOO89,0.9648437350914971
XOO4XXO8X,0.9999999999999858
OX345O78X,0.33715760908312953
OX3O5O7XX,0.49609375
XX3OX6O8O,0.7490196228027344
XX3XOO78O,0.9999998807907104
12XOXOOX9,0.9997158050537109
O2XXXO78O,0.9999999999999982
12OOXXXO9,0.8124994039827202
X2OOXXXOO,0.5
1OOXOX78X,-0.998046875
O2O4X6XOX,0.3996553419260631
1OXOXO78X,0.9999996982514858
1OXOXOX8X,1.0
XO3XO6789,0.9323323839081321
OO34XX7OX,0.9843749999963618
OO3XXX7OX,1.0
OXOXX67XO,0.9999999981373549
1OXO5OXX9,0.4999999925457814
X2OX5O789,0.4371323585510254
1OOXOXX89,0.96875
12OXXOXO9,0.937499936553194
X2OXXOXO9,1.0
1O3OX67X9,0.4607463715703139
O234XXXOO,0.99993896484375
O23XXXXOO,0.999999999992724
OO3X5OX8X,0.995452880859375
1O345OX8X,0.9311188273130027
O234X6OX9,-0.08412228516045606
OX34XXOXO,0.9999999990686774
XX3O5X7OO,0.998046875
O2X4XXO8O,0.49971771240234375
XOO4X6XOX,1.0
XOOOXX789,0.7499990314226999
X2O4X67O9,-0.12040556373725025
1XO4XXOXO,0.9999999962747097
OXOXOX7XO,-0.999999999996362
1XOX5OX8O,-0.9999999962747097
1XOXOX78O,-0.9999847151339054
X234XOO89,0.8729090307514219
OO3XOX78X,0.5625
X23OXXOO9,0.9999389611110416
1XXOOXOXO,0.9998779296875
O2XX56O89,0.6878598845719339
O234XOXOX,0.8740186681812777
XOXO56789,0.8403272188500848
XOXO5X78O,0.5000000260770321
1O34OXXXO,0.49865710738232627
OXO4OX7X9,-0.8749999706633389
12X4XOOXO,0.9843728537632184
OXXO5O78X,-0.8125020228326321
1234X6XOO,0.9801009861897418
XO34XOX8O,0.8747558592585847
O2OXX6O8X,-0.0019531250873114914
O2OXXXO8X,1.0
O2XX56OXO,0.18652236263733357
O2X45OXXO,-0.0625
OX34XXO8O,0.49901580810546875
OO3XX6X8O,-0.0019531250036948222
OOXXX6X8O,0.9999999998835847
1XXOO6O8X,0.9667928179187564
1OX4XXO8O,-0.20324909710405736
1OXXXXO8O,0.9999999999999999
O2XO5X7XO,-0.874877929691138
X2X4O67O9,0.03100585831987246
OO3OXX78X,-0.500244140625
OO3XXXXO9,0.9999999925494194
123OXXOOX,0.9997253417823231
OO3OX6X8X,0.9999999701972229
1OOXXXOX9,0.9999999998835847
1OXXO6X8O,-0.6582031250000142
X2XOXO7O9,0.9990234375
X2O4XOXO9,0.49996948055854773
OXXXXO7OO,1.0
X2OOX67XO,0.3359374700776243
12XOXO7OX,0.9999999995306439
X2XOXO7OX,1.0
OXOX5XXOO,0.9998779296875
O23O5XXOX,0.80859375
O2XO5XXOX,0.9999999999995453
XOO4XOX8X,1.0
XO3OX6X8O,0.7968699931516302
XOO45XX8O,0.738265872001648
X2O45X78O,0.6658606522010025
XOOX5X78O,0.9960936307907104
OOXOX6X8X,1.0
OOXX56X8O,0.625
O2OXOXXOX,0.4999999925494194
123XXOOXO,0.5937499850187855
12XXXO7OO,-0.004394546384015041
XO3O5OX8X,0.49993896484375
XO3OXOX8X,1.0
X2O4O6XOX,0.7031247615158165
1XXOO6XO9,0.9999999995338822
12OOXXO8X,0.9843101482838392
O2X4X6OXO,0.0
XOXOX6O89,0.8433835506392526
OOOX5X7X9,-0.9999999981373549
1O3X5XOOX,0.84375
1OXX5XOOX,0.99951171875
1OOXO67XX,0.4999694712460041
1OXOO6XX9,0.9948729232728226
12O4O67XX,-0.18811918517912085
1XX4XO7OO,0.9687480926513672
XOX4OOX89,-0.9005126971751451
XO34XOXO9,0.9375
XOOX5X7O9,0.9921875
XO3X56OOX,-0.625
1X3O5XXOO,0.8122842656448483
OXXO5XXOO,0.9999998807907104
12XO5OXOX,0.34375
12XOXOXOX,1.0
XXOX5OO89,-0.999755859375
XOXOXO78X,1.0
1XOXO67XO,-0.875
XO3X5OXOX,0.9999997615814209
12O45XO8X,-0.44596025292580155
XO3456O8X,0.8719263439851943
12OXOOXX9,0.9374847374856472
XOOO56XX9,0.96875
1OXXO6O8X,0.49804686382412844
1O3OXXX8O,0.992187261576845
O234O67XX,0.9998228192244012
X2O4OXXO9,0.9609069821881313
OOXXXO7XO,0.9999999999999996
XOXOO678X,0.96826171875
1XXO56OXO,0.875
XOOXO678X,0.7265625
XOOXO6X8X,1.0
1O3XOXOX9,0.3708371818065642
123OOXXXO,-0.07497984916551559
1O3XXOX8O,0.49999999997089617
O2XOOX7X9,0.9999942546710372
12O45XX8O,0.64618502290759
12OXOXX8O,0.4970703125
OX3XO6XO9,0.40533447249609367
OO345XX89,-0.1171875
O23X56XO9,0.09421727969132865
OO3XX6XO9,0.9218749953142549
OOXXX6XO9,0.9999999999990905
OXXOXO7X9,0.9999999999990905
O2XX567O9,0.3675983045544347
OOXXX67O9,0.9999999999948486
OO3XXOX89,0.998046875
OOXXXX7O9,0.9999999962747097
OOOX5XX89,-0.9999999997671694
O2OXO67XX,-0.2500152587890625
OO34X6OXX,-0.20312421764538158
12OO5X78X,0.25996149738353486
X23OXOOX9,0.9999999999999991
XX34XOO8O,-0.00048828125
1XOOXOXOX,0.9999999999999964
OO3XO6XX9,0.9970703125
1X3XOOOX9,0.41455085569576094
123XOOXOX,0.8747553825378418
1OXX56OOX,0.9995116889404017
XXOO56X8O,0.1704027354655508
OOXXO6X89,-0.49999997019768117
XXO4XOO8X,0.9999999999999991
1OOOX6XX9,0.9960927963247738
XOOO5XX89,0.9994499497114486
1XXOX6OO9,0.869140625
O23XX6OOX,0.8671872573312811
X2O45XOOX,0.75
X2OXX6OO9,0.9999999385036062
X2OXXXOO9,1.0
1OXX5O7XO,0.9980091452598501
O234OXXOX,0.7342447489500046
X23XXOO8O,-0.24414062495088729
OXXX5O78O,0.7380371091412581
XOOOX67X9,0.999755859375
12X4OOXXO,-0.9687499557621786
1OO4XOXXX,0.9999999999999964
1O34XXXOO,0.9999999999998843
X2OO5X7OX,0.9921875
OOX4XX78O,0.9999999999999999
1O3OXXOX9,-0.2460937534653982
X234OXOOX,-0.0390625
OXO456XXO,-0.2509765625
XOO4X6OX9,1.0
1OO4X6OXX,-0.50787353515625
XO34XXO8O,-0.0312807559967041
XO3OXO7X9,0.9999694824216476
X23XOXO8O,-1.0
X2O45X7O9,-0.0036020335610373877
XO345XOOX,-0.017578125
XO34XXOOX,0.99609375
1O34O67XX,0.45849501809914733
XO34XX7OO,0.9374837838113308
O2OX5XO8X,-0.0009765625
X2X4OO7OX,-0.046875953674316406
1O3XOO7XX,0.9882811009883881
XO3XOOOXX,0.4999999701976776
OO3XO67XX,0.9998626708911615
XO34OOXX9,0.7343749850988067
XOO45OX8X,0.9375
12OXX6XOO,0.999996155500412
X2XOO6OX9,0.7499999999999849
O23OOXXXX,0.9999997615814209
XOOXXX7O9,0.9999997615814209
12X4OXXOO,-0.9999999846336323
OXX4OXO89,-0.251007080078125
X2OXOX78O,-0.0390625
1OO45XXOX,-0.9951171875
OOXX5O78X,0.8046836850261905
1OO4XO7XX,-0.001251220703125
1O3XX6XOO,0.9375
1X3OO6OXX,-0.9990234375
XX3OOOOXX,-0.9999999701976776
12XOOXOX9,0.49999999998721023
XXO45XO8O,-0.7460937495052349
XXOX5XOOO,-0.9999999981373549
X234XOXOO,0.9999999776482582
1OOXO6X8X,0.9838867187499929
OX34XOO8X,0.995849609375
OX3O56X89,0.4841348307251232
OXOO5XX89,0.9764376481853105
1O3OXXXO9,0.9993896484375
1XOOXOX89,0.4995116591453552
1O3O5X78X,0.9833054542532409
1O3XOOXXX,0.9999999999999716
1XOOXO78X,0.9999999662104528
1XOOXO7XX,0.9999961853027344
XO3X5X7OO,0.9921875
123X56OXO,-0.6313717245666339
O2O4XXXO9,0.8388433456420898
123OOX7X9,0.8491550149886133
XOO45X7XO,0.999821662902832
XOOX5XOXO,0.9999980926513672
1XOXOX7O9,-0.309814453125
OXOO5X7X9,0.937497615814209
X2XO5XO8O,0.49121045507445155
123XOXOOX,-0.25
O2X4XOOX9,0.6870112419128418
OXX4OO7X9,-0.6247558891773224
1O3OOXXX9,0.9997481536120176
XOXO567OX,0.43749570846557617
1X34OXOOX,0.6875
OO34XXO8X,0.984375
OO34XXOX9,0.9372234344482422
XOO45X789,0.9208283792455632
12OOXXOX9,0.9999995231046341
1XOO5678X,0.2000443208022828
XOXOXX7OO,0.999755859375
XX3XOXOOO,-0.9999999999997726
O2O4XOXX9,0.484375
12OXOX7XO,-0.9999999925494194
X2O4OOX8X,0.8749694824218748
OXO4O6XX9,0.24755859375
XO3OX6OX9,0.9999847263097585
1234XOXO9,0.9959540547528613
O2XXXO7O9,0.8261404023505712
XXXO5OXO9,0.9999999701976776
OXX45X7OO,0.0610346794128418
O2XXOXXOO,-0.9999999962747097
O23XXO7XO,0.373046875
XX3OO67XO,0.48437499999999645
XXOO5X7O9,0.5002450588944498
XXOO5X78O,0.4999999999999859
OO3XX67OX,0.9999999513383955
OX3OXOX89,0.9999999994176942
12OOXOX8X,0.9999999254932845
1OOO5XX8X,0.999984622001648
12X456XOO,0.9999994467943907
XOO45XOX9,-0.00100732088321831
1XX456OO9,0.4899899959564209
OXOO5XOXX,-0.9999999701976776
1O3OXO7XX,0.9999998807907104
1O3OXOXXX,1.0
O23O5X78X,-0.2286532234866172
OXO4XX7XO,0.9999999701976776
1XOXX67OO,-0.00782012939453125
1XOXO6XO9,0.9999842270917725
1X3OXOO8X,0.8749837875366211
XX34OX7OO,0.9995112418819163
12OOX6XOX,0.9999379941727966
O2OXX6OX9,0.937499999996362
1OXOO67XX,0.9999999990677679
X2OXO67XO,0.998046875
12OOOXXX9,0.936767578125
OXOXX6OX9,0.9999999403953552
1OXO5OX8X,0.998046875
1OXO5OXXX,0.9999923706054688
O2OXXO7X9,0.999755859375
O2XO5O7XX,0.546875
12OOX67X9,0.40420507940436
1OX4O67X9,0.5247351000985988
1OX4OO7XX,0.06201169639825821
1X3XOOX8O,0.3983067125082016
XO345XO89,0.6425913785345463
OX3O5XX8O,0.9842529296874998
1O3OOX7XX,0.9375
1OO4XOXX9,-0.000518798828125
12OXX6OOX,0.9999990463256836
X2X45OOOX,0.9999999999999856
XO345OXXO,0.9920632839202881
OXXX5O7O9,0.49902343735448085
XX3OO6O8X,0.43359375
1OOX5XXO9,0.9999961853027344
123XXOXOO,-3.05175790344947e-05
XO345O7X9,0.5753328526625248
12OOXX7XO,0.9999389639124274
XO3X5OOX9,0.4374999999999716
1X3XOO7XO,-0.7304658899083734
XX34OXO8O,0.7420654296875
XOO4567X9,0.9312500654288554
1X3OXOXO9,0.9999802112579346
1O3OXOX8X,0.99951171875
1X3XOXO8O,-0.998046875
X2OO5X7XO,0.5000000000001137
O2XX56XOO,-0.3125
OO345XXXO,-0.998046875
O2X4OXOX9,0.49951171875
1OXXXO78O,0.9956054650247025
OX345X78O,0.4655227363036687
O23X5XO89,0.7475585974752903
1OXOXXO89,0.998038767777869
1OOXXOX89,0.7499923706054688
XX3O5XOO9,0.8125
XXXO5XOO9,0.9990234375
OX3O5XXO9,0.870933413505554
OO3X5XO8X,0.984375
O2X4OXXO9,-0.03125
12XOOXXO9,0.9999995231610215
OOX4O67XX,0.999999999998181
XOO45OXX9,0.49991607666015625
OO34OXXX9,0.7499994784593582
X2XO5O7XO,0.9999847263097763
XOXX56OO9,-0.9999923706054688
XOXX5XOOO,-0.984375
1O3X5OOXX,0.50360107421875
OX3XX6OO9,0.3906249999990905
1OX45XOXO,0.6250038184325586
1XOO56OXX,-0.5
OOXO56X8X,0.96875
1OXOXOOXX,0.9990234375
1OXXXO7O9,0.998046875
XOOXO67X9,-0.125
XXO45O7XO,-0.9999999995343387
O23XOXO8X,0.9365234375
1XO4OOXX9,-0.26025390625
O2XXOX7O9,-0.671875
1OXX5XOO9,0.5
O2X45XOXO,-0.9999923706054688
1O3XXXOOX,0.999969482421875
X23X5OOOX,0.75
XXXX5OOO9,0.9999847412109375
XO3XOO7X9,0.8666968941688538
1X3X5O78O,0.7460937497662581
XXXX5O7OO,0.99993896484375
XX3OXOO8X,0.984375
1X3X5OXOO,0.9921875
1XX4OOX8O,-0.00390625
X2OX5OOX9,-0.9990234375
XX345OXOO,0.9999999995343387
X2XOO6XO9,0.9994964599609375
OX3O5OXX9,0.62109375
1XOX56XOO,-0.00012260675430297852
OXX456XOO,-0.0003052949905395508
OO3X5X789,-0.125
12X45OX8O,0.9999999967108106
X23O567XO,0.6921601327888462
12O4XXOXO,0.984375
X2XO5OOX9,0.3749999995343387
1X3O5X78O,0.6204930154088241
X2OO56OXX,0.625
1XXO5O7XO,0.96875
OO3O5XXXX,0.9999923706054688
1OXO56XOX,0.999755859375
1OXX5O7OX,0.312499999998181
X2XO5O7OX,0.99993896484375
1XXO5OXO9,0.8749923706054688
O2O4OXXX9,0.4990234375
OXX45OO8X,0.12132626399397811
1XXOOX7O9,0.9843749701976776
OO34XXX8O,0.998046875
XOOX5O7X9,0.8076171875
XOOX5OXX9,0.999755859375
1OOOXXXOX,0.9999999701976776
OXX45O7XO,0.81201171875
X2O4OX7OX,-0.9990234375
OXXO56X8O,0.9375
OX345OX89,0.4677712449970992
1X3OOX7XO,-0.825744630768952
1XXOX67OO,0.921875
1XOX5O789,0.4314002786057257
OXOX5O78X,0.7421722133439772
123X5OOX9,0.2565064164477892
OOXO567XX,-3.814697265625e-06
XX34OOO8X,-0.5390625
OO3O5XX8X,0.87493896484375
OOXO5XX8X,0.99993896484375
1OXX5678O,0.647389836564501
OXOX5X7O9,0.71875
OXXO5X7O9,0.46875
XXO45XOO9,-0.7499694824218821
1OXXX6XOO,0.99609375
O2O45XOXX,-0.96875
X2OO5OXX9,0.375
X23O567OX,0.8476391434669495
XX345OOXO,0.9375
1O3X5XOXO,0.7499961853027342
1X3O5XOXO,-0.031494140625
OOX456X89,0.9999999701976776
OOX45O7XX,0.99609375
XO3OXX7O9,0.9687499999990905
XOOX567XO,0.96875
12OXOXXO9,0.875
X2XX5OOO9,0.9687499925494194
1XOX5OXO9,0.6718597412109375
1XXO5OOX9,0.75
OO3X5X7OX,0.5
1X3XOX7OO,-0.99609375
XOOO567XX,0.5
12OOOX7XX,0.9960937499999858
OX3OX6X8O,0.9999990463256836
X2OXXO7O9,0.7499999962747097
1OOX56OXX,-0.99609375
1XXX5OO8O,0.929595947265625
XXO45OO8X,0.98388671875
O2XOXX7O9,-0.01953125
12OX5X78O,0.79052734375
X2O45XOXO,0.4677410125732422
O2OOX67XX,0.968505859375
1OXO56OXX,0.983886718742724
1XOO5OXX9,0.4375
1XOO5OXXX,0.875
1O345XOX9,0.5796040610264862
XO3X5678O,0.9948117062449455
1O3XOXX8O,0.9375
OXO45XOX9,-0.578125
OOX45X7XO,0.921871185302734
XX3XOOOXO,0.9375
OXOO5X78X,0.46874999999999994
OO345XOXX,-0.0625
1XX4OO7XO,0.998901360668242
OX3O56XXO,-0.25
X23X5O7O9,0.45251464835013167
1OXO5XX8O,0.9990231990741449
1XOOO6XX9,0.9956016540527344
O23OXO7XX,-0.015628814697265625
OXXOXO7OX,0.999969482421875
XO34OXO8X,0.498046875
OX3X5OOX9,0.9687423706054688
XO3OXOXXO,0.9999980926513672
OXO45OXX9,0.875
X23XOXOO9,-0.984375
1XOX56OOX,-0.6250000000582077
OX34XOX8O,0.9374999850988388
1XO4OO7XX,0.96875
12OX5X7O9,0.935516357421875
1O3X5OXOX,0.5
X2OX5OO8X,0.875
XOOX567OX,0.921875
12OX56XO9,0.48139786021783937
12X45OXO9,0.3904409370798021
1XOX56O89,0.5849609375
XXOX5OOXO,-0.9999923706054688
1XXOXO78O,0.75
1XX4O6OXO,-0.031768798828125
123X56XOO,0.9450373053550152
1XOX56OXO,0.9375
XO345OOXX,0.9296874999854481
OXOX5OOXX,0.9999997615814209
X2XOO67OX,-0.03125
XO3X5OO8X,0.984375
OO3X5XOX9,0.75
X23O5OXXO,0.15624618530273438
XXOX56O8O,-0.875
1OXX5OXO9,0.9921875
1O3X5X78O,-0.4371337890625
OO3XXOXOX,0.99951171875
O2XO5XXO9,0.9375
1OOXX67OX,0.8730463981628418
X2OO5O7XX,0.9375
O2X45X7O9,0.982666015625
1OOX5XOX9,0.21875
1O3O5X7X9,-0.2517053602222049
1X345OO8X,0.405731201171875
1OOX5X7XO,0.9374923706054688
OO3O5X7XX,-0.125
1XOO5X7XO,0.7499990463256836
XOOXX67OX,0.984375
XXOX5O7O9,0.75
X2OX5XOO9,-0.25
1OOXOXXXO,0.9921875
OX345O7X9,0.44921798067661867
OOXX5X7O9,0.984375
OXX456OXO,-0.375
O2XX5XOO9,0.5
1O3X5OXXO,0.9374998807907104
XOOX5XOOX,0.9375
XOOXXXOOX,0.9375
1XXO5OX8O,-0.125
12OX5XXOO,0.9375
OX3X56OXO,-0.25
XO3X5XO8O,-0.25
1X3O56OX9,0.126953125
X23X567OO,0.296875
1O34XXOOX,0.9375
OOX45XXO9,0.75
X23X5OOXO,0.12695312453433838
OOXO5XX89,0.994140625
O2OX5X7XO,-0.125
OXOX5OX89,0.7490234374818101
1X3O5OXOX,0.7499999997671694
1OX4OXOX9,0.84375
1OOX5OXX9,0.4375
X2OX5XO8O,-0.5
OO3X5OXX9,0.9687499403953548
OXXO5OX89,0.75
XX3O5OO8X,0.875
1XXO5O789,0.6875
OOXO5XXXO,0.75
XXO45X7OO,0.25
OO3XXOXXO,0.99609375
OXOX5X78O,0.5
O2OO5X7XX,0.921875
O2OX5XX8O,-0.78125
XOOXX67O9,0.75
XXOXXOOO9,0.875
1XOO5XOX9,0.875
XXOO5OOXX,0.75
XXOOXOOXX,0.75
1XO45OOXX,0.5
1OOX5X789,0.8476561307907104
XXOX567OO,0.5
OXX45XOO9,-0.75
1XOX5OOX9,0.5
OX34OOXX9,-0.8125
O2OX56XXO,-0.875
OXXX5OXOO,0.875
OXOX5XOXO,0.9375
OXOXXXOXO,0.9375
1O3X5X7O9,0.7734375
1OOO5XXX9,0.875
XOX45XOO9,0.1875
OX3X5X7OO,-0.5
OO3X5XXO9,0.5
OOXX5XXOO,0.96875
OOXXXXXOO,0.96875
XOOX5XO89,-0.75
1XOO56XXO,0.375
1OOX5XO8X,-0.75
OX3X5XO8O,-0.3125
1XO45XOXO,-0.75
XOOX5OOXX,0.9375
O2OX5XOX9,-0.25
OXOX56OX9,-0.15625
XO3X5XOO9,0.375
OX3X5O7XO,-0.5
XXO45OOX9,-0.5
OXX45OOX9,0.49993896484375
OXOX5XO89,0.49999237060546875
X2OX5X7OO,0.4990234375
1O3O5XOXX,0.5
